u,v,p
1.0017341515041378,-0.0375856799083262,0.0980400955935094
1.0973444712585450,-0.0161567253903348,-0.0196411217919673
1.0990398869918099,0.0077316203661265,-0.0275114871732859
1.0080793135862680,0.0442414724405520,0.0850180124029625
0.0302261831346010,0.0008546107835241,-0.6186268659573438
0.0223885308269166,-0.0003776336804052,-0.6073346582133767
0.0103425622543620,-0.0022561425308633,-0.5885189164858831
0.0066839672248136,-0.0021038643238021,-0.5250537151587430
0.0053290469966442,-0.0016773858217740,-0.4128245974052149
0.0068529276900781,-0.0015957553439473,-0.3496553951430735
0.0105650089472974,-0.0024601411614061,-0.3238805604939180
0.0087888004646148,-0.0017458510755287,-0.2954987929171907
0.0098580526457172,-0.0023331779870857,-0.2844321751070066
0.0076195551775470,-0.0017036919973276,-0.3074998260254859
0.0027815562797533,-0.0005149119998642,-0.2915141861082996
0.0027056504611608,-0.0004052018252330,-0.2602994507487612
0.0064699120379836,-0.0006669060180099,-0.2456297231824490
0.0017721132749482,-0.0001753645019238,-0.2801125356773442
0.0034138734757343,-0.0003515665269583,-0.2362628640948003
0.0088980455844983,-0.0014744354474199,-0.2615058386113616
0.0082043151996776,-0.0009293890102807,-0.2575617045389622
0.0085814689152424,-0.0009350887829629,-0.2751724872832756
0.0003493127418795,-0.0000806026197461,-0.3054253815975871
0.0060804779996393,-0.0010139912003263,-0.2696033589110426
0.0049977264939730,-0.0006740618810290,-0.2557105948561379
0.0049583026709968,-0.0001482112875017,-0.2702791338820763
0.0063660384588724,-0.0007934323192726,-0.2592163559074130
0.0038050324166662,-0.0003730567644563,-0.2419429159726495
0.0081173420593558,-0.0010389678092346,-0.2694578156997580
0.0056412390090253,-0.0008548339575044,-0.2831268420549434
0.0048060074110421,-0.0004045529705957,-0.2380819224858049
0.0076423964979089,-0.0010085104539035,-0.2789917741283672
0.0077025232264827,-0.0011763661529646,-0.2662151088699214
0.0120409717432527,-0.0003414819403194,-0.2413677863782463
0.0094531960912230,-0.0009966449874928,-0.2911723910513521
0.0050025061629539,-0.0002652088504432,-0.2664303074536046
0.0057469389368937,-0.0001219191793075,-0.2407286524679778
0.0134505952700231,-0.0007584222797742,-0.2530507364586017
0.0163999440011836,-0.0008166415885935,-0.2577477199557581
0.0183931865861146,-0.0011067313928076,-0.2624064930667200
0.0191926661483457,-0.0018629653127641,-0.2870264686946872
0.0137562795648243,-0.0018046627670780,-0.3088583870116991
0.0125930225118772,-0.0007469554890837,-0.2612210975804953
0.0160123574538587,-0.0001251983633009,-0.2399684071618577
0.0166147954772820,-0.0003556145438311,-0.2639104110334879
0.0137532428636518,-0.0003045967766900,-0.2617379207416367
0.0145004157057918,0.0010916148273764,-0.2037279335573457
0.0207065147882981,0.0007827687148268,-0.2272739861065048
0.0267698492782343,-0.0008033458175962,-0.2877609473625750
0.0134423363127288,0.0002086925429659,-0.2683481213893681
0.0165230241198583,0.0023285352205561,-0.1601501393279867
0.0165357292542783,0.0013816714684298,-0.1661449628471192
0.0226930562091210,0.0027985185305665,-0.1713463677674746
0.0234107307762902,0.0035288600345841,-0.1514588251973846
0.0247926700297547,0.0036121334141452,-0.1202985141960839
0.0326920777985511,0.0053548309434976,-0.1133581427302220
0.0348442338267827,0.0065756663011267,-0.0910601724980202
0.0229284258440266,0.0056625651883079,-0.0520799035692927
0.0412801210546481,0.0146114075718322,0.1240233899690545
0.0489123510187071,0.0142559937985375,0.0928619737918879
0.0470740257033592,0.0159386781599230,0.1454474848276490
0.0403765642296783,0.0141710131204511,0.2308905861033375
0.0305862741936732,0.0125276445328944,0.3806120360730816
0.0132733088840718,0.0080010786088114,0.5875706891909189
0.0318295209119348,0.0214525487598055,0.8169989738229887
0.0225535713203564,0.0152007185341040,1.0410101455283551
0.0016790477666246,0.0011922101683454,1.2437102604664583
0.0101018385065799,0.0071728242792868,1.4390101356955498
0.0125084282569551,0.0011827535588147,1.5757450228998644
0.0193133320150537,-0.0022387809920190,1.5390841377129938
0.0230365300152754,-0.0111791044749256,1.4573662618077405
0.0264722066612335,-0.0200245572001661,1.3538216790578776
0.0247645944405311,-0.0182892758917832,1.1845296658831874
0.0296856831208900,-0.0201095196001432,1.0625601874642925
0.0254128872336532,-0.0166928895825437,0.9369628563983134
0.0134627256258438,-0.0077768057052281,0.7753535249856203
0.0066477894487031,-0.0038401263123558,0.5480026122179381
0.0046442048253392,-0.0019310387178337,0.3624834494198620
0.0217077058414377,-0.0047606638063724,0.1935994714917146
0.0365562170768355,-0.0099825297134190,0.1788029858569477
0.0361355608918928,-0.0097669684625548,0.1875741956341613
0.0286265510981151,-0.0074847153712978,0.1851578261449315
0.0171140696011974,-0.0038406659244058,0.1411538590873806
0.0158765850793678,-0.0030456394926162,0.1239387552771332
0.0168361087651622,-0.0026920365019626,-0.0154952189282568
0.0304886782970493,-0.0028951130644033,-0.0463605875351030
0.0313834624161988,-0.0045722866747241,0.0140102264017365
0.0168222679701439,-0.0028005499666769,0.0531645361247044
0.0133212372772511,-0.0007307647296254,-0.0878747987965907
0.0198869713675378,-0.0023816945439686,-0.0702053441177561
0.0213274065668282,-0.0017863025377993,-0.0905359913882010
0.0154849266241863,-0.0014888275852891,-0.0894870875693917
0.0220820478518122,-0.0007625573221973,-0.1368652406604863
0.0226117666134847,-0.0007516527550308,-0.1326939524485399
0.0206322882973664,-0.0019400716588075,-0.0910913027011979
0.0192426974282429,-0.0002906997161295,-0.1530254109863119
0.0111776728357496,-0.0006544481270319,-0.1166650328002033
0.0110137473172970,0.0009032219189545,-0.2080668341026341
0.0171217787446127,-0.0010821808349569,-0.1429563023304172
0.0177809230862081,-0.0005669190205810,-0.1444823893298440
0.0056143035105432,-0.0000941001119149,-0.1415095200653220
0.0164075045703680,0.0013429312863594,-0.1919623760836526
0.0087122226944927,-0.0000752183265588,-0.1542367970191554
0.0123051752438580,-0.0003028009324193,-0.1632191346608589
0.0107644480324589,0.0002631401921759,-0.1876649301284412
0.0081449932757322,0.0003611955956768,-0.1997936950306508
0.0096385846979737,0.0004651533305307,-0.1974365921387673
0.0070965328945780,0.0008067257711969,-0.2091089165703165
0.0017089102350068,0.0001525076624907,-0.2004097973198489
0.0086113561277989,0.0006330603460090,-0.2294128813338070
0.0112657439770760,0.0008429100392710,-0.2131174403999866
0.0109609669808902,0.0000867933099083,-0.1804074527560679
0.0046801618217450,0.0004359436535753,-0.2127173283214455
0.0099900637062207,0.0004958639426136,-0.2149069671165971
0.0112818150545953,0.0016865838269496,-0.2421729395854823
0.0121456149116586,0.0001688675768350,-0.1965603453181597
0.0057454342752123,-0.0000146214854848,-0.1887740786610902
0.0035060477226302,0.0006098711166775,-0.2577683233108318
0.0136094269679463,0.0017037762466462,-0.2498389268149722
0.0142917955059173,0.0011660641634859,-0.2173147425838973
0.0118138391636485,0.0005947239585050,-0.1842922509542251
0.0085500732039441,0.0001091117021503,-0.1774002549929700
0.0089413447450244,0.0009958252877433,-0.2292915861510989
0.0099043613786649,0.0016363561794073,-0.2639044884238687
0.0128025519600421,0.0019407476611241,-0.2338334995454616
0.0084802248963103,0.0011390928316041,-0.2450687994668073
0.0129342729418342,0.0023228163608838,-0.3042409895195372
0.0171459776817306,0.0033856676209931,-0.3517345273295449
0.0201589070945854,0.0037754413471876,-0.4017078954213477
0.0187369612357852,0.0047271925460253,-0.5026831433640166
0.0213410150755112,0.0059541598649963,-0.5702508562721400
0.0320620986447212,0.0062850471572436,-0.5926347579895984
0.0385011513958285,0.0064826813465816,-0.6060889795894180
0.0406482816321050,0.0065484402316784,-0.6105767213584010
1.0067365555929317,-0.0484996028787263,0.0925899964413891
1.0159187499825295,-0.0602451169157618,0.0827509017303835
1.0303049882920654,-0.0706614605093552,0.0673799662876325
1.0493325397019946,-0.0765949180715794,0.0471919323727574
1.0699856508804004,-0.0755588231934408,0.0252308278989474
1.0878821260503173,-0.0674362350994084,0.0057905723516282
1.0996427671860911,-0.0545565476491867,-0.0082648100508819
1.1042295089506402,-0.0402954062288722,-0.0162027970607596
1.1027967259987350,-0.0270712721362513,-0.0193861574565602
1.0691905204393288,-0.0045020116903590,-0.0293375405665261
0.9845502123458718,0.0175934118821784,-0.0389081314960169
0.8239050122526692,0.0391877925005848,-0.0467456333093366
0.6385734508895677,0.0346773894266590,-0.0517873529811543
0.5532369919803884,-0.0045557718177329,-0.0539320769369028
0.6390141507017552,-0.0439260976673857,-0.0533637170082475
0.8233917462332543,-0.0492379963401486,-0.0502651850878946
0.9838880651602473,-0.0281640535057779,-0.0444285520880710
1.0698570042489108,-0.0054393334306523,-0.0362296578642641
1.1064825179250468,0.0179115988064601,-0.0296060355722339
1.1105236169406245,0.0308295313339184,-0.0292874536641569
1.1091541670106020,0.0458606732237790,-0.0244598052126741
1.1004316088261898,0.0607290076571646,-0.0134755448140666
1.0845668439339502,0.0721703784140503,0.0039300453768799
1.0642018506206659,0.0769390378820790,0.0255270319871596
1.0437582973471491,0.0742540775714557,0.0471563428704171
1.0269991084887722,0.0659285993802251,0.0648784561596772
1.0153374894342366,0.0550977286733617,0.0772829752188857
0.9993014235479492,0.0487161740688104,0.0969037472443494
0.9868144050204205,0.0498580599402521,0.1121678151817389
0.9714314099109835,0.0446815576057989,0.1299467603669478
0.9569712194394083,0.0306209964993360,0.1462191629218543
0.9498073261864521,0.0088249742379722,0.1545574581885458
0.9537700589784499,-0.0138574018973692,0.1510291763010051
0.9657783484214573,-0.0301348044870227,0.1386909080400543
0.9799941244600063,-0.0381579816203231,0.1234820754493097
0.9924356949208168,-0.0397858747043474,0.1093740804212718
0.0064072259957154,-0.0020167564761359,-0.5020231415187165
0.0061030076725101,-0.0014211308725261,-0.3519142750492327
0.0087919515013487,-0.0020472715059164,-0.3183352250329181
0.0106805112767783,-0.0021216299283200,-0.2831045630141108
0.0090602371294027,-0.0021443531078405,-0.2932210202263735
0.0080767802751853,-0.0018059250964616,-0.3092891120572071
0.0029393897880145,-0.0004926057600683,-0.2899955866859278
0.0042271911154722,-0.0006330697849504,-0.2646211950266017
0.0032515788761084,-0.0003688069405085,-0.2475559646449917
0.0059875498689688,-0.0004077051095893,-0.2622221059732758
0.0023078604415551,-0.0001569119393883,-0.2802645486198450
0.0021963827712188,-0.0003498943878161,-0.2544620661213665
0.0055164979015124,-0.0005677172281844,-0.2352849795836165
0.0087437849384563,-0.0013540168997190,-0.2547582687286791
0.0092165349764462,-0.0016251158520538,-0.2620192283863467
0.0075985370837772,-0.0008607661563455,-0.2577317766511829
0.0089676384181260,-0.0012317336966296,-0.2641715623485870
0.0084971939370028,-0.0008438549052106,-0.2761959689270081
0.0088386486261417,-0.0022360685343685,-0.3122865939031741
0.0012133856934974,-0.0001997920797058,-0.2943367366421419
0.0045195616849827,-0.0007509586511061,-0.2605154954987614
0.0046764635332200,-0.0007798552797351,-0.2692158972397973
0.0033963247450313,-0.0004781740966741,-0.2569703181861253
0.0050965382394083,-0.0006773421373048,-0.2600409790858467
0.0034621247540568,-0.0005045074542189,-0.2692595699027679
0.0052535105132903,-0.0001570355036277,-0.2701259869645972
0.0015582581571922,-0.0000916013432876,-0.2713950524732697
0.0057103316418899,-0.0007117081851942,-0.2606130844900424
0.0047652094178840,-0.0006267855253078,-0.2659324917972541
0.0036158676160947,-0.0005115255768126,-0.2472818777698012
0.0066809915035277,-0.0004981603963099,-0.2465013656840775
0.0080022334752430,-0.0008513311383075,-0.2615765417607143
0.0086205298105327,-0.0011403762750457,-0.2721244324029947
0.0078863171325634,-0.0013831259849682,-0.2817501916976949
0.0052855361908120,-0.0007168650632453,-0.2854807193559507
0.0027600013436479,-0.0003516280729608,-0.2821101573757735
0.0044436971535033,-0.0004227165507793,-0.2438978448924325
0.0103368454353336,-0.0005627906645941,-0.2397170212218463
0.0098110197153569,-0.0012750322525826,-0.2780361340440592
0.0068008566337125,-0.0009183114869365,-0.2787881076620712
0.0091455062841757,-0.0009842533409539,-0.2687911735234355
0.0074639907363501,-0.0011399363312654,-0.2652178325203484
0.0045637587892423,-0.0002183193794405,-0.2405105888700400
0.0104438653398611,-0.0002626431907396,-0.2375834080275346
0.0119185777078461,-0.0013370962935003,-0.2741173128087560
0.0095922824801783,-0.0013844181265659,-0.2906552073139149
0.0104051486527123,-0.0010970087945676,-0.2906505418535601
0.0076304964429299,-0.0015540924388586,-0.3005724998883654
0.0031109403331591,-0.0001649271150657,-0.2720278237292899
0.0098528289678705,-0.0008334682185813,-0.2566774914299472
0.0052845624452353,-0.0007058337934821,-0.2551591225944103
0.0080174026693160,-0.0001700862257899,-0.2337407082246296
0.0120413400121566,-0.0005159408248513,-0.2341380751171694
0.0139430848853393,-0.0007861916899241,-0.2522285726906075
0.0129747655697849,-0.0007716761463388,-0.2577146544626284
0.0156857886983893,-0.0007707774800762,-0.2580881379387232
0.0160813453227934,-0.0009741586860026,-0.2585970077102676
0.0163449767077209,-0.0010200108381310,-0.2576652056245472
0.0191166677038427,-0.0011502637770057,-0.2627991966161159
0.0187345293885965,-0.0012932682911060,-0.2740906150107943
0.0192698306543407,-0.0016742770502466,-0.2828905419308342
0.0178659806680026,-0.0019421244629555,-0.2962027484654748
0.0158376505868641,-0.0020398338672858,-0.3068435676642993
0.0125108746577607,-0.0016688288686287,-0.3046542928167820
0.0089407224026959,-0.0005917081684188,-0.2599339800242424
0.0126892801986686,-0.0007649483451601,-0.2622987622718266
0.0102067724086166,-0.0007262645185965,-0.2583307412362192
0.0128356448778188,-0.0001003600959600,-0.2412618842916297
0.0143653772875092,-0.0002469532110442,-0.2450294304214881
0.0156786387717710,-0.0003587164630712,-0.2570504572248014
0.0142773393850758,-0.0003612398509026,-0.2692928715618289
0.0106434698110943,-0.0002357237947004,-0.2710700287940922
0.0137327818203555,-0.0005685640105007,-0.2653625377139788
0.0053983890658325,-0.0002445068754682,-0.2295500124927201
0.0170415519751914,0.0012829156898029,-0.2005084044102869
0.0197281184654545,0.0009364205418946,-0.2188200077318570
0.0207895943765793,0.0008724766442500,-0.2274849098770729
0.0246780211509625,0.0021055121156375,-0.2349684051166557
0.0268343735314192,-0.0008961145334162,-0.2894417490826658
0.0097117107008466,-0.0004468603482133,-0.3063528417180053
0.0142101734198252,0.0002206132295739,-0.2643521055931480
0.0068677439876795,0.0001066218642268,-0.2050648888565036
0.0199080814260352,0.0028055801672836,-0.1527364658050693
0.0216738205035329,0.0015411702812778,-0.1750467561776558
0.0181190855036668,0.0019731431902446,-0.1631065429442820
0.0284510786334370,0.0035086006061306,-0.1718902123360514
0.0196205565622912,0.0021126984326680,-0.1685829815788270
0.0230140279133626,0.0034263111232322,-0.1521596377107952
0.0257609403665443,0.0040236704607602,-0.1348565662077242
0.0268701679072832,0.0040419280887616,-0.1128118018216618
0.0321839428974068,0.0051938026722342,-0.1113965395140994
0.0340835424335744,0.0058455737757762,-0.1045929011592002
0.0326590051919139,0.0075036652474673,-0.1081249938188474
0.0217180065875148,0.0052763007437638,-0.0298715801803286
0.0404429542935298,0.0144902812385683,0.1232959758974342
0.0484264734893633,0.0145674674281576,0.1013116329018614
0.0467925319849341,0.0153912822293436,0.1341555533907509
0.0421580395612100,0.0147962597400815,0.2149416802304549
0.0299432159509684,0.0122642582496374,0.3875139591786929
0.0196759250325761,0.0132612345100471,0.6889159949223169
0.0197632002616424,0.0133200565109264,1.0668193155122574
0.0111080212687997,0.0078872657288852,1.4844048174518680
0.0218963699555187,-0.0062832843345040,1.4987291410173775
0.0245095843916819,-0.0185399570532313,1.2653405508946634
0.0300547425850485,-0.0202123939004934,1.0541082926186895
0.0192900498965606,-0.0129358803263462,0.8771357503616566
0.0104992985261011,-0.0060649683390958,0.6573372474066195
0.0056246849687467,-0.0023387177910427,0.4440291782902450
0.0046521737261522,-0.0011004401755250,0.2715573552036880
0.0319745503810833,-0.0072731203188296,0.1537720160188595
0.0366254132253221,-0.0100273028547163,0.1797049804073755
0.0362528910894350,-0.0098446058336077,0.1862028513502803
0.0352769713596380,-0.0092211220607482,0.1961718931680329
0.0232240723794962,-0.0062109024481433,0.1709045659971643
0.0170401000863889,-0.0038524158276418,0.1414396985015199
0.0276067670379641,-0.0052907740737047,0.1233252542497128
0.0134564419132661,-0.0026674710711895,0.1174961733799708
0.0165059394082909,-0.0032307518219309,0.0117530672723761
0.0236587144719697,-0.0018034838124979,-0.0541070847188763
0.0304756727213282,-0.0028903273896157,-0.0464741458809892
0.0323329879061166,-0.0039566407923338,-0.0132870564553184
0.0307454260091988,-0.0045703197273874,0.0191585876368367
0.0283571505396433,-0.0046890389839243,0.0451857893586118
0.0151187939458255,-0.0025741440412982,0.0476342028908809
0.0116345434092220,-0.0020236586263341,-0.0497802935713010
0.0180503584059602,-0.0009901907011820,-0.0938011447429299
0.0236034483223222,-0.0025477793666155,-0.0790659805669091
0.0195959612393943,-0.0019173533629895,-0.0760524121222530
0.0221059981760995,-0.0017243987455860,-0.0938378740988412
0.0211327966420581,-0.0017909313632920,-0.0904169980875572
0.0199987951343259,-0.0019174245464456,-0.0873123614559301
0.0148577975257916,-0.0014285310708860,-0.0899487439585101
0.0190588079314454,-0.0004260736119223,-0.1277592371413158
0.0218898588330988,-0.0007559204765365,-0.1374616129288314
0.0225049832983524,-0.0009052976983576,-0.1321139467728845
0.0228233501550450,-0.0007541592610914,-0.1342868647874394
0.0245836548999907,-0.0008212632425877,-0.1273092806401234
0.0219076938979476,-0.0020683343961855,-0.0874416614242507
0.0187629809234797,-0.0017638253981138,-0.0936468857287463
0.0146821012680833,-0.0004583696841155,-0.1534721992088490
0.0191869655288755,-0.0002315909486323,-0.1546962030164464
0.0180852743127491,-0.0017837112055712,-0.0869717059049537
0.0116973632681246,-0.0009373871572617,-0.1116932096704798
0.0100199114643914,-0.0005866616770106,-0.1350052096093450
0.0044929868078112,-0.0002120727739165,-0.1936208022554018
0.0141846955381707,0.0011632669203924,-0.2095803125822824
0.0206862239659795,0.0003009817919902,-0.1855413482821711
0.0185913104991671,-0.0011750624873167,-0.1433925324151044
0.0167736747873614,0.0001228811372881,-0.1713292827839299
0.0187761541059140,-0.0000497237954547,-0.1629637229532540
0.0173727379713671,-0.0007274675052147,-0.1391080438921931
0.0141346220619414,-0.0002482999974066,-0.1176727266800560
0.0057124003110280,-0.0000930686246687,-0.1410531130858621
0.0090869628341768,0.0008506435981597,-0.1922984679297975
0.0158485641375919,0.0013774363019409,-0.2037813339921236
0.0170772093718205,0.0008288088811635,-0.1751684199831265
0.0150212234403899,-0.0010355753701676,-0.1321440890349301
0.0086598915544010,0.0000700351589694,-0.1584741577145939
0.0101997414784534,0.0003325334148726,-0.1776945685094209
0.0125356010901020,-0.0000197882064623,-0.1766101299926245
0.0116846213413572,-0.0004950239450495,-0.1441643048693935
0.0036804122695446,0.0000899687925451,-0.1716386043283370
0.0084341145027524,0.0002061744832987,-0.1874387731654168
0.0061672653982714,0.0002475408650914,-0.1935844880127739
0.0082383631734514,0.0003569111034878,-0.2018036770138260
0.0072464703791093,0.0003423755375973,-0.1882026025200323
0.0057682516636244,0.0002742497563105,-0.1952663732661864
0.0086808215529082,0.0001345699607836,-0.1805701704126073
0.0032375471030310,-0.0000355318568606,-0.1929976807807991
0.0092942285106714,0.0010565573040154,-0.2124979458960480
0.0099899345631268,0.0004201685341822,-0.1807208155912512
0.0008474579647855,0.0000756293868578,-0.1939351250397328
0.0073308856266859,0.0005363994220597,-0.2424878560668040
0.0076584958718398,0.0005123376295903,-0.2298771508782464
0.0087179329918157,0.0007554845744032,-0.2257114726563702
0.0103346683299274,0.0007950148282136,-0.2165955170901433
0.0123850128186600,0.0009731357192559,-0.2134097692920252
0.0130287565797876,0.0001867752456417,-0.1936165396166892
0.0094398680463588,0.0000489273500550,-0.1771362347287151
0.0064120641868323,-0.0000434920276824,-0.1875695854104966
0.0059843623225486,0.0005594685662983,-0.2176772564459759
0.0098205989557426,0.0006686195881196,-0.2216893756161942
0.0098089273718105,0.0004365898392225,-0.2148800175727331
0.0068825408270273,0.0006686929411374,-0.2366881177083469
0.0125954536160963,0.0018829672583002,-0.2424463400579972
0.0131610830625861,0.0004643971608425,-0.2119510577291186
0.0118464311874565,0.0001440156774676,-0.1913622842235838
0.0089270751414436,-0.0000019778942565,-0.1780024914100941
0.0049828905083086,0.0002538574592308,-0.1997952693063391
0.0026611797587052,0.0001501690414813,-0.2467541014407751
0.0092115457058934,0.0017942873454758,-0.2675238290048987
0.0136638920133936,0.0016834155459084,-0.2491315730397549
0.0142815718622238,0.0012993142740519,-0.2293015751749679
0.0134855520110112,0.0012126727426719,-0.2057839597560515
0.0118631907209293,0.0006340576112079,-0.1849666121117223
0.0100342380947439,0.0001281912908445,-0.1714466236919302
0.0046462598115819,0.0002384844118975,-0.1937715538251608
0.0104895922457272,0.0011682584123852,-0.2430781003473006
0.0108977054803382,0.0018004722386771,-0.2661299602095051
0.0128554663877478,0.0019487030162733,-0.2335059098395338
0.0086222285221947,0.0012111779779208,-0.2466396905667544
0.0137842683119205,0.0025803949031114,-0.3153347773658506
0.0197675290352152,0.0037021424872447,-0.3754484761959538
0.0189324361114705,0.0055014416494647,-0.5447073389065236
0.0258823829864250,-0.0059147509168100,-0.2932702363858130
0.0209775345936894,-0.0046189575382557,-0.2993996374081998
0.0241657718425001,-0.0028235338846641,-0.2603273173607956
0.0292582764602244,-0.0021796895499002,-0.2496598579186073
0.0407026010532645,-0.0024394302893989,-0.2574917610239186
0.0394851133006384,-0.0027010114155449,-0.2776160877594736
0.0484374801235371,0.0020206860854459,-0.2143308019056390
0.0707694919638564,-0.0103691352935663,-0.0103165129148066
0.0579402782942319,-0.0063566606118285,-0.0630455362205206
0.0511148694929826,-0.0033862970469789,-0.1052946587856504
0.0419232891485249,-0.0010979300263490,-0.1506783144762556
0.0300955767868080,0.0001775682931115,-0.1838946557546265
0.0354813679022608,0.0010213745830402,-0.1888898608170426
0.0306982145607042,0.0018306936363456,-0.2123311120126887
0.0335225214505772,0.0012763674497021,-0.1908883734811423
0.0692601951614169,0.0072177854623573,-0.1746062909871158
1.1158428502605606,0.0608407323982783,-0.0367553916094859
1.0348234141773602,-0.0895021789572640,0.0626776083418447
1.1037610015640626,-0.0712563783373094,-0.0193136805373486
1.0503472501305997,0.0939220718302015,0.0410774589166849
0.7462296465564862,-0.0581615440110379,-0.0669217021557861
0.9445681367250548,-0.0422394455924867,0.1586524247438316
0.7189979563893373,0.0468605358788350,-0.0631497059289956
0.9497348436472206,0.0577542927369797,0.1510001770965132
1.0981923196848296,-0.0287281894020925,-0.0298588403112433
1.0582051316162813,-0.0068137586083818,-0.0465018507941165
0.9857829964524124,-0.0543982647058954,0.1162163808070880
1.0123238471456024,0.0698876059521197,0.0820615785768754
0.9544970153668650,-0.0338557687129720,-0.0586845423854747
0.8618251890361073,-0.0506185210168081,-0.0782298347861823
0.6785843065436012,-0.0666649512375517,-0.0887708655075849
0.7817309514168982,-0.0634222878062226,-0.1012459120802968
0.6121418438018318,-0.0747516231105492,-0.1135373813883846
0.7035968774126469,-0.0744238646349174,-0.1274055776439763
0.5364925604253745,-0.0810977561052153,-0.1411420514602794
0.6341791705312619,-0.0826664807163411,-0.1565338846480900
0.8023939596924687,-0.0567521404707381,-0.1366900478222074
0.7433590595811949,-0.0614260049557193,-0.1640284019943034
0.4752082847875598,-0.0624188234780385,-0.1253114867343110
0.4018516596657045,-0.0620395224326634,-0.1566611184653302
0.8998201521896078,-0.0244186453433842,-0.1369327818471894
0.8483840490092286,-0.0249855177456049,-0.1599031554398624
0.7036979945355608,-0.0540567685163167,-0.1895739086736911
0.8002987814428075,-0.0172932821881509,-0.1796224564393941
0.9340038442889367,0.0177018118747740,-0.1478381907681073
0.8870701225093520,0.0263891051274339,-0.1632352226488381
1.0007574563936421,0.0627361897657333,-0.1296206602611885
0.9629658209250974,0.0754434016748255,-0.1368952300981403
0.8172989933407496,0.0313595034633573,-0.1749252168597228
0.9058490736301674,0.0878885533773842,-0.1406558985671689
1.0147677111955495,0.1242515979863485,-0.1035632046158730
0.0948794577213545,0.0216146074409618,-0.0544361663924372
0.0810778928124069,0.0130272817999687,-0.1104120568938788
0.9806143761788635,0.1452619708410589,-0.0951802538520808
1.0440703485768768,0.1657992619010198,-0.0622822939090111
1.0099479171331807,0.1915740058728244,-0.0432430252864221
0.7519270416496364,0.0386383794471810,-0.1794771620966246
0.6715157914604215,0.0056042345420963,-0.2012001553773002
0.0271994056945837,-0.0024587933968365,-0.2526560734593273
0.0276034100944157,-0.0034517786497510,-0.2772254401496344
0.9277944232185547,0.1624763936410353,-0.0828427437860747
0.9658327316472832,0.2174578183501256,-0.0145523875090165
0.1155351594165338,0.0461317527100919,0.2605816270865937
1.0124946336812610,0.2180924403925930,0.0115897946061561
0.9559876736303077,0.2456081706519309,0.0570079257503219
0.9967938979212441,0.2188673769338589,0.0621199486220242
0.9458825916497595,0.2305550699441428,0.1134202186856138
0.9787145581253931,0.1958804381738340,0.0994217587746874
0.6040130599483010,0.0076892695559516,-0.2054919696191534
0.0409794464973915,-0.0030455623937932,-0.2718682347281338
0.0405079804926425,-0.0046959953383557,-0.3092063934946320
0.0270232551504809,-0.0034868618323418,-0.2863313689306832
0.0347466626789620,-0.0022894999069216,-0.2543551778732480
0.5351144285446896,-0.0125033998813789,-0.2205254660312082
0.0217845106877659,-0.0031881122546101,-0.2695848860597064
0.0248034239078760,-0.0033447410396073,-0.2634684600997103
0.8845703285894690,0.1934708743239395,-0.0442506923811402
0.3939065654295831,-0.0289055994698311,-0.1334342063320715
0.3425272390001055,-0.0204839278755488,-0.1623149901145996
0.3251198307091307,-0.0489463132602562,-0.1874746183676037
0.2899510327763202,-0.0044688028194899,-0.1986805171098907
0.3447781235114815,0.0218238207592757,-0.1682257891567170
0.3243548079717609,0.0390620671507209,-0.1958609805993284
0.4058057690076274,0.0539895117713490,-0.1645327268220187
0.4097428721180284,0.0686548330503409,-0.1914765334738252
0.5123826578278081,0.0688076194696926,-0.1569591127596113
0.5516416423728820,0.0699073480089822,-0.1716130945990775
0.6527600822762311,0.0613596433692380,-0.1428362284009993
0.7045570513873607,0.0459913702933016,-0.1548276123948399
0.7992089193785168,0.0352780545278361,-0.1256533103427424
0.8693057891152781,0.0050148806784909,-0.1263446559457907
0.7980633616712318,0.0074653251439124,-0.1478045695825325
0.9343516236873851,-0.0348433248002037,-0.1160081556858513
0.8549849140053023,-0.0360891320529157,-0.1347338041963743
0.9844192017010287,-0.0772737179950934,-0.0970447013483777
0.9296541713002467,-0.0863597985469312,-0.1041712803821124
1.0222017475019158,-0.1185331053993084,-0.0679015033305931
0.9771912756483925,-0.1328221103906638,-0.0660659206143797
0.8552706327862918,-0.0963037675034087,-0.1016806783230849
0.9200746382505918,-0.1459769052427949,-0.0562269406932188
0.9990497284884103,-0.1698451579394868,-0.0252682437040969
0.9497503920626763,-0.1859536197812507,-0.0077728927591884
0.0889141181115009,-0.0256761564334412,0.2031006076722554
0.0780213457164424,-0.0222680421925707,0.2003223515131748
1.0020396669819618,-0.1944957108482687,0.0190664001997187
0.9497121528413688,-0.2157073494391799,0.0487799609543927
0.9904044762805808,-0.2033342713726714,0.0637792037625997
0.9455988690154560,-0.2195074488250824,0.1027269303472257
0.9732138541237164,-0.1918223236538152,0.1028928446552015
0.9180475239456868,-0.2003288134007490,0.1540632784665152
0.9126278720996793,-0.2312123461922453,0.0937073337199049
0.8478755205207738,-0.1508268404210781,-0.0430324309136795
0.7048143433076572,0.0096506316109480,-0.1684229066731908
0.0394023611671790,0.0068265857086572,-0.2863501672412799
0.0294666984654267,0.0017741977647397,-0.2110996466571774
0.0334871192920569,0.0031854149573392,-0.2297837087597811
0.9557682495759627,-0.1650014534544075,0.1322726294541521
0.8879931127004626,0.2593147178129905,0.1387258962015790
0.8879756680562627,0.2232831714707542,0.1752033506769768
0.8185710022232894,0.2443885793076948,0.2212514526738688
0.8366711341409103,0.1917650394590313,0.2322885394867301
0.7445646940501645,0.1988410854309879,0.3031920578115215
0.8073947051040397,0.1366079240154767,0.2689933287322964
0.7128784775700421,0.0966174673235022,0.3496533112194128
1.0278644916925184,-0.1792286029176906,0.0405344207001670
0.4555320934244152,-0.0108026318283381,-0.2267543911451797
0.5210218569582998,0.0050542067951387,-0.2117985015802687
0.3977034595225423,-0.0216981090641322,-0.2374411373117437
0.4641340727026803,-0.0265393660586913,-0.2327299459251524
0.3546436029569495,-0.0289950674516650,-0.2447229085043762
0.4043455378223198,-0.0353061843862341,-0.2416808449476347
0.0237762241740602,-0.0032506129533945,-0.2414762716908188
0.0231172022945610,-0.0045571859671343,-0.2823131079557870
0.0759631714541799,0.0104489187207896,-0.1478439557854946
0.2965607742039251,-0.0326599696408706,-0.2526808931382521
0.3530428980442734,-0.0410676209281889,-0.2495041234651373
0.2704868879936130,-0.0421016666866131,-0.2230807584403186
0.0391715591659137,-0.0026631379779713,-0.2653638797898108
0.0259837942540601,-0.0035788809670677,-0.2950207314252263
0.0241690567144510,-0.0036189804337016,-0.2860279821625728
0.0237179261448346,-0.0034188546576418,-0.2622586816298180
0.0194873576887497,-0.0033474893388918,-0.2710581561841244
0.0235898971913645,-0.0039354152691519,-0.2639116978212251
0.9365129925512095,-0.0018472176326601,-0.1028548702413538
1.0359686797396854,0.1987068832714278,0.0244793717979155
0.2669510050980231,-0.0360695547500665,-0.2578234893056000
0.3122012387968338,-0.0452570180323954,-0.2561199220132426
1.0709936505353379,0.1425214461232706,-0.0697123789764071
0.3985436427897058,-0.0083264802645158,-0.2294117516383250
0.4454224800558887,0.0019828752725134,-0.2184487790434437
0.0437036443980687,-0.0016472584147803,-0.2741764111005425
0.0438486601382570,-0.0011340669187318,-0.2745873280699383
0.0468149450470756,-0.0013520273845268,-0.2566827070129966
0.8090779399770833,0.0703796337508434,0.2757380116925220
0.7682733532550590,0.0120417843262839,0.3113844709219658
0.9143009789169457,-0.1551735872789429,0.1738029184783201
0.4533781997350722,0.0738736175463700,-0.2054834648699439
0.8933620978409458,0.1762932813450702,0.1874644332843926
0.2261892557586164,-0.0362063427981283,-0.2630770030772855
0.2619137616002642,-0.0467244165589622,-0.2643074441294748
0.0414516669032352,-0.0128939659672965,-0.4376478602627026
0.0327377325539265,-0.0079739514929581,-0.3255069630279701
0.8114515127148243,0.2734540420260286,0.1755835063218802
1.0328427283360395,0.0523006901974869,-0.1171831602821768
0.4871034000033286,0.0589822935871392,-0.1380017179792806
0.2930856007444454,-0.0238002449336161,-0.2487734600458375
0.3540173755493966,-0.0553966471124761,-0.2542931861148449
0.3139325973561705,-0.0609697031009263,-0.2624152896282762
0.4599312996892642,-0.0448019040420247,-0.2373619505406630
1.0335347990170252,-0.0682471948928222,-0.0836435388134430
0.8390204136350645,0.0174920137892476,0.2533711061411897
0.3282799193185358,-0.0086409723222237,-0.2358632679538770
0.3741888723762568,-0.0009266813305908,-0.2253084076275811
0.4901486116072713,0.0153075154979880,-0.2044684839223143
0.4159791606389741,0.0107193151365497,-0.2105740327610784
0.2913756954756127,-0.0133480051400218,-0.2428019989549962
0.2343189264048092,-0.0506838734031479,-0.2733583097710751
0.2759546804666690,-0.0660104329216322,-0.2736785817189705
0.5373708848422314,0.0329717288363001,-0.1880128835927679
0.0466129182753951,-0.0001694781446363,-0.2782415776036735
0.4759798990235441,0.0295655620025377,-0.1896726657286087
0.0491786602924662,0.0044696861833400,-0.1785126585368593
0.0459971698353701,-0.0002656455805394,-0.2891395093915342
0.9405098265695011,-0.0224209716428225,-0.1153360224637729
0.9482289720789402,-0.1296208683559408,0.1467691377842913
0.2095357157700358,-0.0273703984103552,-0.2598988033683262
0.7198447192197899,0.0545605006240489,-0.1167198988152016
0.3576679183471431,-0.0742780159432055,-0.2569787428613070
0.3279333962020062,-0.0726882152100780,-0.2110571421294201
0.4494517108546431,-0.0350092876473318,-0.1084964654769574
0.9917700381955582,-0.1635670965936283,0.0963784667262617
0.3069392135365301,-0.0803139304290119,-0.2692168448949453
0.3058582269604685,-0.0030762343421949,-0.2328708957390418
0.1960832807952935,-0.0497064226548605,-0.2850820638158590
0.6093408813103562,0.0399346207745995,-0.1830546068567252
0.6777757316652372,-0.0070547893609937,0.3824286165361492
0.2328863127795494,-0.0117665785574255,-0.2476851364329693
0.1983823857247494,-0.0132498642689821,-0.2535460563850621
0.3877946940109404,-0.0851287068027772,-0.2476245919136687
0.8214203028674936,-0.0425834604869218,0.2673906107740237
0.1694897189507476,-0.0373394666041891,-0.2774885308447498
0.8581025401169656,0.1045893253981480,0.2308590008894285
0.9183693642094003,-0.1128519491873708,0.1771506406084801
0.5912337941427097,0.0573247246243132,-0.1640498558340589
0.5212804773238318,0.0511227991344150,-0.1642541707026612
0.3945454916829956,0.0222275950241413,-0.1949767561989059
0.4405840556467023,0.0427300311544004,-0.1668271753346715
0.5709812899105856,0.0796643348222894,-0.1315590711882167
0.4641536136196327,0.0632620427040279,-0.1330328830828905
0.6146291702558138,0.1136708589212347,-0.0904509148460174
0.5286055771947653,0.1041076121420760,-0.0732606779053958
0.6673698383259188,0.1585169316113571,-0.0342115668945788
0.5840135595308251,0.1547742452911919,0.0051361983678429
0.4013471065618188,0.0595498410207849,-0.1200562273457890
0.3149243734112369,0.0163631530462062,-0.2011693664440997
0.2728397918185166,0.0060268119185963,-0.2203898188604886
0.1367227244147234,-0.0355980038897865,-0.2919799055044546
0.1728455441446035,-0.0511633931241684,-0.3024361769430438
0.8611278749095032,-0.1770397883968630,0.2148949865590781
0.2514148014029876,-0.0162376267554990,-0.2496881051204122
0.1771965988475981,-0.0147477678638844,-0.2589878840983217
0.9485165153790758,-0.0970863716229299,0.1504664997485708
0.9752534216251629,-0.1092136479433256,0.1230138588308964
0.1626622238352893,-0.0103406630140613,-0.2540574546411702
0.1781958098687035,-0.0101528724374262,-0.2530804805096126
0.2623893020781342,-0.0663051868610710,-0.2507530668605707
0.2216373902157160,-0.0336785532108525,-0.2648986728389592
0.2224828046446117,-0.0687229046917680,-0.2886246187515802
0.1782392606269164,-0.0272377858762979,-0.3142605778473149
0.8749778707099038,-0.0147314368151601,0.2226089223439350
0.8871822781065735,0.0241330775834534,0.2114560825233616
0.4223249779324335,0.0030980701432710,-0.1132526492385680
0.4545254947328093,-0.0743027177295517,-0.2383308282213047
0.2044528796034430,0.0034239934713536,-0.2281879739279340
0.2368036944155178,0.0098469790285263,-0.2113941903295584
0.1860645857371486,-0.0010690046505209,-0.2417444301012322
0.2323044744028977,-0.0005239298837719,-0.2357317186594847
0.3512854117992061,-0.0880750940516166,-0.2260352535998310
0.7124450554457260,0.2073846004198918,0.0339595056554830
0.6435232747945709,0.2138244356182422,0.0933813701466284
0.5036176356441917,0.1590390272232023,0.0817757953834233
0.5491363380983880,0.2127351790832648,0.1892838992487309
0.4534936281807433,0.1654093114860924,0.1561531692838509
0.4855302675852131,0.2198792624824578,0.3138310423755538
0.5954969248486001,0.2532073278852808,0.2722672872060189
0.4905501412803058,0.2341420172069545,0.4294591884737814
0.6261427987878239,0.2586117676639901,0.3308809977763575
0.5407511394288650,0.2150748593205543,0.4437207008197863
0.3965387316929180,0.1107166309525279,0.0400145582572778
0.3813524265180286,0.1556139071518123,0.6242925196625322
0.1146169536794876,-0.0328742869923639,-0.3061107281611145
0.1468601959331641,-0.0496242367182554,-0.3257587333395998
0.1043565519820492,-0.0226529807018086,-0.2773728186964924
0.4350921537782566,0.1073463137601735,-0.0048669278957819
0.3096018066427528,0.0618707023782148,-0.0581559098724778
0.2156931992943735,-0.0175483141763510,-0.2558923147095038
0.1439781917787293,-0.0143912005807795,-0.2643789231010025
0.1849053462170303,-0.0175538896654048,-0.2591616912078658
0.1281605895566427,-0.0137717200811305,-0.2651106888360645
0.1601318467373976,-0.0168795664131347,-0.2620322146280449
0.1056778661194986,-0.0122009398406577,-0.2669830813732930
0.1378896998671122,-0.0158105127103344,-0.2637235046306011
0.4614041922848869,-0.0076348405016232,-0.0925182463768990
0.1123267147636231,-0.0116948288623708,-0.2698477508519202
0.1966563804734249,-0.0646089850013193,-0.3089688850733646
0.1662765128904911,-0.0619397808107857,-0.3362235964315346
0.2099812712619657,-0.0729080567902106,-0.3090434485994794
0.1529534569093064,-0.0038905077914035,-0.2520657500211094
0.1990750492568127,-0.0045985445805612,-0.2472626713515245
0.2893652455461735,0.0013499678599155,-0.2289924594264060
0.3050050620019097,0.0985276322245701,0.1136797643944397
0.1139363545796703,0.0373018815992127,0.1216681279415587
0.1377911777474202,-0.0057647755299055,-0.2611545230813448
0.1721236215437398,-0.0073056809301299,-0.2570823294101239
0.2871050413218160,-0.0186162710012037,-0.2471451606376674
0.1168918259981847,-0.0075387142609695,-0.2573755816602900
0.1338256280802761,-0.0085445242097934,-0.2594333328977945
0.1910756847714458,-0.0100146954432703,-0.2528558998358773
0.1440415096988581,-0.0092259385879308,-0.2622072208325036
0.1073989121902200,-0.0073055129892129,-0.2569605355255650
0.5043219091225257,0.0338507061578654,-0.0933631697150216
0.3861746070887330,0.1758789148780551,0.3272541210230481
0.1043887685056212,0.0703000084271231,0.8875880411473500
0.0930432619220110,-0.0111925567046805,-0.2667494276046591
0.1119262249924185,-0.0139998382369470,-0.2661233395586119
0.1678808596271078,-0.0192811953483138,-0.2616121768631213
0.1437144499987603,-0.0180553215209353,-0.2640830298668748
0.0968786743773975,-0.0131711576110579,-0.2688598203344721
0.0216131875216228,-0.0033755130891272,-0.2831935850372375
0.1214263421858159,-0.0163064184229439,-0.2656088296035845
0.1982464103672330,-0.0228680873111416,-0.2594342054140215
0.9447993692089260,-0.0321202684777499,-0.0874341030235320
0.1021344412806595,-0.0334654983560625,-0.3368268804551182
0.0300495033387496,-0.0077524531516573,-0.3152579876698625
0.0938189725968601,-0.0228812056426168,-0.2891525584252981
0.4924438209423319,0.1181336847281804,0.5242862697124155
0.3815988847326434,0.0248062739867476,0.6471239546590486
0.1059100405936578,-0.0645973924189946,0.8096743673684323
0.0915409113716060,-0.0642684802692018,1.1064635051272536
0.1365261768529014,-0.0115685990767543,-0.2622540007792790
0.0750519482858575,-0.0105608155639258,-0.2693317250964518
0.0993318840803809,-0.0137818625276777,-0.2656765964286101
0.4141850561727335,-0.0882057264747663,-0.1955267762845273
0.4690223915438588,-0.0931692883549051,-0.2053533215594141
0.2415340486241472,0.0557449142634846,-0.0161286696939385
0.8737616636589320,0.2607751729985665,0.0795674198597968
0.6874016147393402,0.1207600132675627,-0.0982823859257075
1.0734190949337565,0.0908649192858002,-0.0950591090702517
1.0907127398577363,0.0750021646763664,-0.0865622056268905
1.1055583597194969,0.1109945783029900,-0.0606197839847570
1.1140070145629328,0.0845849960173615,-0.0591759403115945
1.1079356067069388,0.1055027377064291,-0.0310633795144112
1.0968437413960204,0.1296386272198886,-0.0220541400799704
1.0888309838759949,0.0504936730437380,-0.0841080823057973
1.0856658165267454,0.1134914482612067,0.0008403609814311
1.0719476116440205,0.1351937825373134,0.0133273430043639
0.1465042760257798,0.0027370625075905,-0.2308372426712674
0.1641736180489616,0.0044814445041286,-0.2282776188057069
0.2555870383129227,0.0159308656098278,-0.1970555043385178
0.1812088959725777,0.0089307365430962,-0.2117573082532345
0.1301811400401819,0.0004957671596420,-0.2406069285860879
0.0859968401139814,-0.0098704614380657,-0.2692536158936912
0.1013794096157845,-0.0111725659088433,-0.2707306546236447
0.2394361465270886,0.0197455419573860,0.8595879510054729
0.3431023731954542,-0.0929822821106796,0.6890547565694560
0.4656442202838630,-0.0833230984465604,0.5553853684832268
0.4555953807774831,-0.1756212057184787,0.5308477713602581
0.5499037882848455,-0.1573740087113436,0.4641561781676973
0.5920178261116025,-0.2165515582667635,0.3897847930903653
0.5012370229216597,-0.2123291333199348,0.3898359522718755
0.6409728027124639,-0.2380289793085633,0.2892575152651974
0.5368543306836677,-0.1931283481305646,0.2338338249311318
0.6872362737193736,-0.2315081327274029,0.1952861059245737
0.6062311438402659,-0.1860406910238465,0.1388506212808880
0.0532745277380754,-0.0033361196774556,-0.1049422628256613
0.0606373285526215,-0.0108455670199327,0.0441446963325762
0.0613446602352218,-0.0094703209793206,0.0132882754789792
0.0670461659091931,-0.0065258125965694,-0.0707771264085488
0.0533690511729681,-0.0024846794520258,-0.1220681151273470
0.5005134960666440,-0.1510704295735410,0.1436552372972067
0.5086377422546909,-0.1322452221404639,0.0789942474424498
0.6351448860640838,-0.1686860604018995,0.0733879862119461
0.5345677968834037,-0.1179264710090232,0.0226483595390319
0.6638437419392154,-0.1531572278167236,0.0232618012494956
0.5625958457575708,-0.1083047751624937,-0.0165539367114006
0.0418529324281157,-0.0027796479166426,-0.1087036578611323
0.0485093385636019,-0.0024940974738715,-0.1180054213829433
0.0448463989317472,0.0004218553556332,-0.1793967591846942
0.4310403079774459,-0.0749457244082465,-0.0267063972519396
0.4453992979304797,-0.0693819082235420,-0.0486433346466448
0.3105170154735543,-0.0392060193032201,-0.0684281502201464
0.3504530683975642,-0.0421046386731980,-0.0811237355220572
0.0372974430097708,-0.0000030127600507,-0.1699059074427004
0.0396168753193189,-0.0019174786772499,-0.1220578185481803
0.0380351270526266,0.0009363332323941,-0.1822723554963583
0.4734556293451284,-0.0663950852947460,-0.0701181314949861
0.3866804879536798,-0.0429997494995717,-0.0932252482246677
0.4943476246462490,-0.0626008062110645,-0.0864602340461776
0.4121837452112374,-0.0415756310926145,-0.1068555375521371
0.0322448586815290,0.0006896694068572,-0.1861929698371103
0.0312946991051392,0.0002532688959066,-0.1789813677146751
0.0290680116903281,0.0003955545615561,-0.1858530527205052
0.5121673797988335,-0.0579118427144018,-0.1009544199046692
0.4165197968022548,-0.0359589159801163,-0.1223266720030347
0.5338495626082548,-0.0534511104162985,-0.1160458201694614
0.4459010343043009,-0.0333330088735427,-0.1331001588344227
0.0307758734705862,0.0013640899640280,-0.2025101236185374
0.0337692109345896,0.0024260669099737,-0.2228660929582695
0.0338211959111090,0.0012714219463621,-0.1990558223758655
0.3352233456598264,-0.0204207561603992,-0.1402556342279001
0.3581511620845994,-0.0181566150596155,-0.1510227475558605
0.4648706682035532,-0.0286868235557841,-0.1454040023566245
0.3633975371037680,-0.0127907800040662,-0.1625298463699950
0.4764024922919804,-0.0222538445150966,-0.1562213860689023
0.3923290278717128,-0.0087969897472116,-0.1719982679717661
0.4988083842357133,-0.0151788527443100,-0.1663051372619013
0.4098145951753668,-0.0022384835219579,-0.1818334294116915
0.3102159420832246,0.0005274819924637,-0.1857906283053377
0.3312742918049868,0.0059143352727011,-0.1943751518905989
0.5825113952044471,-0.0903270508554147,-0.0620568361528651
0.4186274583811637,0.0058997817651480,-0.1915301912987963
0.3392236547263575,0.0124578792626112,-0.2026349435110822
0.2780669172378322,-0.0082259524713287,-0.1643846360967750
0.2482445842713454,0.0092110561836326,-0.2041436738562126
0.2697447240824544,0.0150069499858504,-0.2125194938716979
0.3482615673080445,0.0210598674589291,-0.2129709800940228
0.2556611354241056,0.0214800379120767,-0.2252551171846066
0.3564054807414291,0.0329130808978104,-0.2247183666197530
0.2773126785918912,0.0328808040091794,-0.2386899972528951
0.4382661237054519,0.0242661837607979,-0.2073772804547650
0.2977654295432821,-0.0245998174681654,-0.1161209116945460
0.3522545786286321,0.0475545487231172,-0.2388780901829003
0.2956282154574259,0.0546029702387169,-0.2617041800325685
0.1947751906199066,0.0099943581508392,-0.2105483963066397
0.0307562152022682,0.0012123960617910,-0.1975530656244425
0.1737657692444732,0.0069012670323517,-0.2051595129089112
0.3062049800476969,-0.0450409875256598,-0.0407993865165909
0.2643089935905319,-0.0285880224628256,-0.0853190935252092
0.3713299828974717,-0.0845897271513463,0.0558792372400046
0.4310718057500136,-0.1536710582389822,0.2437379976958300
0.2080511507835302,0.0351065734973721,-0.2659223761676021
0.2230611094649980,0.0491275892481732,-0.2886332819974316
0.0370827469235675,0.0047988430369103,-0.2502307375339111
0.2896839018531435,0.0640133700972373,-0.2722393191853985
0.2036993486308603,0.0575300885085303,-0.3260590823443414
0.5846187513022409,-0.0462744161778512,-0.1341603015262856
0.2204907660145788,-0.0240463137364912,-0.0758552774280596
0.6653325262247719,-0.1834542274240691,0.3656045051679128
0.3296888755859820,-0.0864987418186293,0.1137741439482551
0.7424718538404167,-0.2462573042311374,0.2336876707273134
0.2827273355013235,0.0681387629198112,-0.2730367705648692
0.2218328955429344,0.0525124476484133,-0.2996313723137252
0.1237677931995558,0.0060216227041893,-0.2090043811374403
0.1342701209236158,0.0073481544011614,-0.2117246118519173
0.1170174994240143,0.0047528284514083,-0.2048883936149027
0.1539152338630221,0.0050756784134674,-0.2016077608012244
0.2905831864714189,0.0635473930109952,-0.2546673047637721
0.2421859714667102,0.0401561198440389,-0.2648630938314413
0.1563347659381913,0.0344183665670736,-0.3679842780397006
0.3810768666261962,-0.0693765303057058,-0.0079777068797079
0.2703296050362883,-0.0418974141696189,-0.0269256605030317
0.2059701830940779,-0.0258149398518845,-0.0549534776662725
0.1506814890946144,0.0463777661383688,-0.3747994202721323
0.0573985615728030,0.0161040923310356,-0.4614290659781181
0.1528372764017919,0.0353925621141600,-0.3115412720734378
0.1672029071426227,-0.0155707294422991,-0.0925184494946940
0.7416626849858567,-0.1971599963019206,0.0685670817249722
0.7805722681404900,-0.1807406743842928,0.0197473440660964
0.3452605512412397,-0.1591578910624446,0.4548589903631211
0.0970783054828468,0.0030978443010759,-0.2000425335488584
0.1356153389364237,0.0042009603640501,-0.2000856938223199
0.6311041536973532,-0.0815190384456886,-0.0914730871413529
0.0547218930949142,0.0098628364678597,1.5233348762373560
0.0672942279673253,0.0499159834823581,1.2897728878729469
0.1682045293462153,0.1152749869054010,0.9493293453831464
0.1977952124125625,0.1176606474212105,0.6512108286727312
0.1673608945334165,-0.0214370234982008,-0.0463248550594507
0.2161143080812453,-0.0338040944727479,-0.0174178488788857
0.0613163634169098,-0.0072484725213475,-0.0505376783728648
0.1908520022335217,0.0049230775214417,-0.1978830782682309
0.1715757082011867,0.0039854485781528,-0.1963153928491774
0.1093764304571483,0.0039202071886920,-0.2023339278054668
0.1484663962480513,0.0032120663446301,-0.1946427519344427
0.0975332039349583,0.0031907123149260,-0.1996675056894372
0.1281831320970071,0.0021065518764560,-0.1912692435325918
0.1856462602680601,0.0014607226430329,-0.1875088749656218
0.1610187119050490,0.0004263415657853,-0.1834079068007041
0.2257356089994504,-0.0013210327465276,-0.1795967433821221
0.1017588361109473,0.0010428452245677,-0.1862307052768069
0.1297480072451784,-0.0001138476734955,-0.1798908483836827
0.0285012794049095,0.0012770325765184,-0.1979453060762761
0.2462616460725100,-0.0101955668073654,-0.2361654281452931
0.1872272793582069,0.0236918239538803,-0.3127999671619259
0.3543923115068964,0.0698812803825192,-0.2478395551519236
0.2767678834350202,0.1642821287703783,0.6631563514497459
0.7757244419496638,-0.2415926419489354,0.1602671673773692
0.8203049137771836,-0.2435594141255413,0.1891387942643804
0.4740621050042879,-0.0868940205574548,-0.2252310986839605
0.5779291543408278,-0.0499294958570196,-0.0749034751134732
0.1904264778920927,-0.0377589105078289,-0.2717509377548056
0.1297951811602800,-0.0263770220971622,-0.2739924129961075
0.1487211506546925,-0.0280536492623454,-0.2709393287580119
0.0964952209012278,-0.0188158006015654,-0.2740639656197298
0.1155864851196688,-0.0209496031479879,-0.2709389315478075
0.0225582574123447,-0.0041276351832244,-0.2801076477104288
0.0792385878873631,-0.0156799397470232,-0.2735095194452673
0.0733537369714436,-0.0136800785544991,-0.2734846542386808
0.0867209581300248,-0.0149425894309256,-0.2701736922600889
0.1291827492743189,-0.0217074108495187,-0.2682289949045620
0.1005760423837866,-0.0161785270085437,-0.2677249680904398
0.1451186113048510,-0.0226221244554293,-0.2657957836043968
0.1134253492662139,-0.0171012883499991,-0.2661181795811595
0.0687506213626617,-0.0106156044622849,-0.2678606748569419
1.0743327841023527,0.1674683126370335,-0.0311463157009944
0.8019701996192039,-0.0526475842256764,-0.1341311854355210
0.6465105596353795,0.0418056447629230,-0.1771837817982161
0.9103230573756720,-0.0053067647730824,0.1912906823891814
0.1969437036827311,0.0207868184196622,-0.2350657854085196
0.6320959388243781,-0.0679969787939284,-0.1129658581180177
0.6588139566399615,0.0316211226544361,-0.1886391814623050
0.7957437635898837,0.0742092947061923,-0.1568356660756175
0.0840087043335524,-0.0084825983081714,-0.2708302054306896
0.1095632397835998,-0.0072495974946805,-0.2738418480951778
0.1407034756783249,-0.0089365811432219,-0.2690482032258902
0.0606542503455836,-0.0098027950853016,-0.2687222394773864
0.0911493001954800,0.0047224918628496,-0.2093645969058707
0.0897378767915775,0.0045290001887677,-0.2076917506470202
0.1370103632971947,0.0089206334586282,-0.2169162045334960
0.0924260019330748,0.0066701243940646,-0.2196973295193370
0.7478248173278645,-0.0091879166354008,-0.1923381941059847
0.6625153460564202,-0.0420613607461972,-0.2058407833942495
0.3052361194346092,-0.0207131294641834,-0.1321511760313419
0.2401637833780847,-0.0122087372615860,-0.1435468390111381
0.2201142473383293,-0.0120448639207705,-0.1389076261528558
0.1595002376984038,-0.0062721823048416,-0.1488439621437576
0.1764203537898198,-0.0065466053004657,-0.1533541092770845
0.1509931517814571,-0.0068452018259976,-0.1420086006059273
0.1099601250130065,-0.0028515738593999,-0.1571465074171945
0.1258745473811688,-0.0034387476142367,-0.1594049441073147
0.1828635017933405,-0.0059765464280242,-0.1575983859962044
0.1348839063493374,-0.0031290755751798,-0.1640484229513902
0.0405184934263168,-0.0011596400505249,-0.1505541508882629
0.1939902163382975,-0.0105913991010229,-0.1361214914932275
0.1238485785301407,-0.0049696329152235,-0.1427997010197502
0.1687320061892463,-0.0084958908510652,-0.1351915764438716
0.1899891636672235,-0.0051483462730136,-0.1634755973420693
0.1402621531472370,-0.0022784149857318,-0.1693292877847290
0.0995441751020761,-0.0023244819630514,-0.1561206273128766
0.1118774730091466,-0.0033391817236588,-0.1492599246858460
0.1478653420187274,-0.0072871789224359,-0.1333849247567620
0.9725147317848785,-0.0834111041390454,0.1281392761044530
0.9968474752226784,-0.0883951709678740,0.1028518372857710
0.8827063059603438,-0.0573382125283862,0.2143614916714120
0.2807723419954430,-0.0263319484322781,-0.1025446217536262
0.0738137060903783,-0.0202693652291355,-0.3089591815363018
0.8170157702435981,0.1344966189513435,-0.1041711663322154
1.0047588562838816,-0.1151773651062465,0.0924321577875264
0.5607442565836184,0.0375048912956639,-0.1975247703868757
0.6187322352492903,0.0075911237394486,-0.1798728228743709
0.8838185455280105,-0.1961605034274403,0.0147749860922049
0.3743601099620547,0.0716338492651100,-0.0716804081035539
0.2638027790132727,0.0419130592554547,-0.1057753144744449
0.2007594511478459,0.0325685980649876,-0.1030415173358026
0.9230666585063438,-0.0729533118237711,0.1768093157708527
0.2018394899064941,-0.0095973874268960,-0.2533812218080508
0.0606068747028281,-0.0082064502858406,-0.2647749045110696
0.2325122178818946,-0.0085902633183486,-0.1566236102905490
0.0786854850894572,-0.0367433427509265,1.3626306298064232
0.1463888720325719,-0.0831064008221357,1.0590314852050435
0.0789428286590219,-0.0115452815793712,-0.2660910757203760
0.5059314759238450,0.0176959747753598,-0.0792922051215186
0.3388130675549073,-0.0653758392663024,0.0122083749321304
0.0591992786637219,-0.0119156358529831,-0.2785974233109228
0.1388748165969322,0.0111269177651089,-0.2237975632184700
0.0961642783715346,0.0083959804876982,-0.2266806634548634
0.2725738794442307,0.0238199915433436,-0.1744865856320073
0.2045701780179459,0.0168065041228655,-0.1809343517272438
0.0929374251272823,-0.0067025117141538,-0.2669789339807943
0.0986040533847763,-0.0079463650880012,-0.2752580673146663
0.0795553400912616,0.0040252694240902,-0.2096994201733126
0.0693721861912956,-0.0085490687941122,-0.2820428136417621
0.0854140592111250,-0.0057677906594136,-0.2618263569589595
0.0920935017024145,-0.0080636742591447,-0.2854024117528747
0.2502704763394132,-0.0090206190988554,-0.2445913977333533
0.0895747497241965,-0.0013299700749508,-0.1685152168809497
0.0983339209140007,-0.0005098809155660,-0.1752189505076120
0.0917833188349040,-0.0019317891158342,-0.1636328085149097
0.7142416630673355,-0.0503505698029896,-0.1378432956959358
0.1139175038073680,-0.0032072606577175,-0.2604001558253548
0.1542771188579854,0.0198275969683616,-0.1421030262617201
0.1994574638249616,0.0244684118545808,-0.1460526005241307
0.3098113915786465,0.0449304554736185,-0.1207056744376306
0.9276540550493040,0.0230351590930397,0.1747406677606407
0.7743693891636774,0.1995403710466113,-0.0082314848415991
0.2192717328774375,-0.0152703360692462,-0.1217818509324280
0.1849259308699723,-0.0133595822314464,-0.1163030306785700
0.1119803108701978,-0.0064502433107733,-0.1226661321284124
0.1530455080531858,-0.0119963161166964,-0.1087958931365328
0.0781690843609192,0.0019169138801557,-0.1936769072619620
0.8489729048787460,-0.0976255257760978,0.2403079975247203
0.0776771312332787,-0.0016313571560599,-0.1624156097997002
0.0716345752211665,-0.0086834103006433,-0.2700635640305902
0.3467449799300609,0.0334062010308943,-0.1674433303814922
0.7675447804311480,-0.2253106919130668,0.2641704108312194
0.9126515239410193,0.0574704338323103,0.1865526935947552
0.0783878721139734,0.0003905677091574,-0.1816267388558322
0.0915918517913251,-0.0069238855047054,-0.1061842291202080
0.1226627211279843,-0.0099345928168760,-0.1039873246058893
0.1966200482581662,-0.0182693066642602,-0.0962404401257618
0.0972825685442378,-0.0081156205129392,-0.0964622701404641
0.2839080545972774,-0.0837693861552352,-0.2608113190561748
0.1873973603758558,0.0139749159950749,-0.2214785128668449
0.3843494631094877,0.0112263214046075,-0.1380597420580322
0.2071512065535144,-0.0079798298324101,-0.2516065445974527
0.1466160624010488,-0.0199654685661483,-0.2636370596072767
0.0680252802023211,0.0028593338200880,-0.2049417104927128
0.1744956600469628,-0.1101567000650854,0.8649157903543259
0.2054418499204467,-0.1089370786547680,0.6075339396852998
0.0730723996188213,-0.0300496319000173,0.4012283011244519
0.2163809568990188,-0.0891264371430317,0.3961731488993709
0.2896797625971008,-0.1551554980416499,0.6523425272578293
0.0973483029251295,-0.0041412791941947,-0.1410268761143457
0.9678107959357624,-0.0502437790740249,0.1353009515650506
0.6239661990030445,0.1669500909140797,0.4050830606288677
0.8208685470995563,-0.1148853366990614,-0.0822008349515482
0.2888329037307699,-0.1080373119304618,0.3071787343736321
1.1043127236855759,0.0766272047417448,-0.0184353683744203
0.1313173375869505,-0.0142513537909489,-0.0646439650457904
0.1419781171451459,-0.0136639665452122,-0.0797398665443597
0.7326467872184581,0.2496082349474331,0.1142898150253594
0.0496378757862184,-0.0083419502627982,-0.2697098854898253
0.7838642322164535,-0.1018160100769471,0.2935254686017425
0.0586322522924975,-0.0087357052316201,-0.2771355732175599
0.0689859029764278,-0.0094196191877558,-0.2712741093829587
0.0620652270486436,0.0060818967329756,-0.2322363184937317
0.1426681399103899,-0.0187635126253479,-0.0394312975419651
0.1719044663971472,-0.0276982143827801,-0.0058598933720070
0.0734161935965785,-0.0047894403932919,-0.2591308206113603
0.9239048776958196,0.0272447186532866,-0.0537664537614166
0.8583404759450244,0.0369013325818284,-0.0715925959214854
1.0079596304470684,0.0032683665137052,-0.0572422376492043
0.9732742206799231,0.0057784201497865,-0.0749791576957882
1.0712394654629231,-0.0287387988893651,-0.0527709836333258
1.0603725519257838,-0.0362857708799725,-0.0639241676007498
0.9744642000215933,0.0663569464955566,0.1247817144549155
0.9592373246847147,0.0893755068710391,0.1385457074647083
0.9856585511378193,0.0881157918852368,0.1112593565436576
0.9781481842245265,0.1159067962241868,0.1167964403813268
1.0064403173647503,0.1040232301474352,0.0882029287788935
1.0076268257331262,0.1365324708878563,0.0840996803853189
0.9383328779134804,0.1209132458685316,0.1557532050087355
0.6504944099680505,0.0532798003071387,-0.0858344521300304
0.1204099571008668,0.0014887135076556,-0.2474107362092084
1.0252702895395998,0.0866163638358153,0.0681498455856921
1.1042875605766675,-0.0462668541713522,-0.0305376553573232
0.1010207016165470,0.0015921355581074,-0.2415378869837218
0.0927655994643615,-0.0031767325785607,-0.2616965894961645
0.1332032068817685,0.0071374661350867,-0.2110400396350921
0.1384537526216482,0.0112969067448745,-0.1858958388418517
0.3973276981229153,0.2045137636692693,0.4565071500559492
0.0500153558105559,-0.0169116108056867,-0.5855844836928360
0.0733707494204420,-0.0280158739605952,-0.4734839961106970
0.0789222441834527,-0.0279869820761674,-0.5334359165448406
0.0965266502321889,-0.0383219991632181,-0.4521954036950220
0.1049190859634899,-0.0372420862635572,-0.4529016751640403
0.0882300541218980,-0.0133640202608745,-0.5131047812313412
0.1194158585620514,-0.0276008604685837,-0.4165804345884846
0.1348684745173257,-0.0470622663922969,-0.3851273225299024
0.0653873487859060,-0.0217715105964772,-0.3941490619998107
0.1906791633301703,-0.0678818815791440,-0.3225028688708511
1.0308993057353477,0.1122615938814504,0.0616156111901477
0.0744142271969911,-0.0024205416994105,-0.1454321040043401
0.1950436115788301,-0.0039185304672916,-0.1685188029195956
1.0890371801782259,-0.0883400045905820,0.0023571855014569
1.0994549669781135,-0.0934167507528362,-0.0240453882010065
1.0844650149133792,-0.1133374371580123,0.0010868503023316
1.0687688808324491,-0.1010747011739715,0.0252194676173184
1.0606497455572965,-0.1260097217263373,0.0299786406502609
1.0718529125999816,-0.1412698378874365,0.0011371880084536
1.0872561837951664,-0.1130725848834427,-0.0345848433194001
1.0845587208939069,-0.0835812655158489,-0.0539051429988789
1.0475527279650589,-0.1514414960226019,0.0365994725044170
1.1138160256158900,0.0374259916027178,-0.0425814387278507
1.1083485676711371,0.0398346654844930,-0.0583225561079284
1.0868988368029311,0.0150184416397435,-0.0585255951520448
1.0983984369307704,-0.0542026813764581,-0.0421324361423554
0.6443539387510108,-0.0178334142891268,-0.1642703720074725
0.0510592274322639,-0.0059679679202355,-0.2667359118785434
0.1552178237717734,-0.0223988367442995,-0.2640405549622332
1.0541479846670567,-0.0050852322469124,-0.0401626011389288
0.9957266590110833,0.0661909262160780,0.1011744483428798
0.1218500243926660,0.0026967006846152,-0.4178089196521317
0.1078406255462213,0.0207834796453187,-0.4696501532353847
0.1450476952089799,-0.0148745139857290,-0.3632007845662000
0.0822462667614289,0.0031032882773364,-0.2038004992033312
0.0632988875129813,0.0033233743201664,-0.2116952023910428
0.5904058866047495,-0.0184504340054256,-0.2166329543302705
0.4635478611237843,0.0409011875291760,-0.1187699010622135
0.6008636927443418,0.0599359650949889,-0.1116431936778564
0.1010097633802266,-0.0080177978713124,-0.2611457415445592
1.0382116370251508,-0.1510551876380558,-0.0348088467534994
0.2237792328840652,-0.0228696610084957,-0.2564464197290784
1.0111496156117008,0.0121559999305122,-0.1118558857689652
1.0391002457335605,0.0102556939488852,-0.0929106919406056
0.0524257918998947,-0.0073328458886316,-0.2648578713394433
0.9676163808033835,0.1510702120563646,0.1226594546678288
0.1418527238406547,-0.0012873363944875,-0.1749937624799601
0.4935757850237883,0.0136413439390671,0.5341649319667030
0.1978264054321273,-0.0676294563087951,0.2783696866592094
0.2461430436580741,-0.0790348380874572,0.2246044057207147
1.0158345885309379,-0.0785003947186797,0.0830645907593046
0.3118028913716991,0.0555568287599970,-0.2244173542308500
1.1011732448075362,0.0168545556571939,-0.0429804717440930
0.0806434520869008,-0.0045852907512822,-0.2716677374986950
0.8276399757493220,-0.2158061707096658,0.0669575134154252
0.0601866895929218,0.0015692834750297,-0.1958086629226309
0.5055783800530643,-0.0056191804078485,-0.1778456364573623
0.1188853212891132,0.0630715233587468,0.5020667823810455
0.7336788933167069,0.2581119037695414,0.2725035908840185
0.0911710703733669,-0.0018182194495950,-0.1557185914718136
0.0659685582170569,-0.0005184178045372,-0.1668606556361766
1.0008946963564322,-0.0646941277180452,0.0994652196162598
0.2514862790211355,0.1334269770672807,0.7976274970136110
1.0291832198377424,-0.1285538471265815,0.0651140846847553
0.2474858316273848,0.0002116177814386,-0.1833202222435605
0.3011922915250672,-0.0040498340317005,-0.1760366705696580
0.2157780100934114,-0.0205087137573843,-0.2565394349695204
0.0610709182426695,-0.0051119293857849,-0.2631194206032554
0.2137481184876633,-0.0245131217165474,-0.0680818951173382
0.1506463023060670,-0.0135848737012224,-0.0879088751947822
0.7823230042376637,0.0472028567747715,-0.0918259585726509
0.1988305864684995,-0.0022897677784664,-0.1752200555751768
0.3762634337413941,-0.0921748328726795,-0.2390438390736969
0.5943034264999145,-0.0803719930097044,-0.1964524863817007
0.1235556406867176,0.0399341194623722,1.1868923887554261
0.0552605776223082,0.0025674815322206,-0.2053577551572588
0.2100032279014956,0.0033050582678211,-0.2759937628355870
0.2693728807273696,-0.0512151771494693,0.0172832761620697
0.2094179373402389,-0.0399242014765021,0.0263688952324632
0.7084333096283604,0.2718119027686057,0.2127911921837923
0.0531937330500206,-0.0064749284506512,-0.2735807067986046
0.1024088822941844,-0.0109149213418853,-0.0631312305847553
0.1467882454900052,-0.0095203912288767,-0.2658211478817108
0.1737707366037015,-0.0533417949089268,-0.3311583065673703
0.0703031422815099,-0.0017726710017437,-0.1562294978459957
0.2643127825388206,-0.0271209841612494,-0.2534839769009837
0.1289782368920118,-0.0483583173699468,-0.3572844545588796
1.0110482969126648,-0.0164623943661698,-0.0696429433569954
0.0497970352429308,0.0014106163212366,-0.1926391827663761
1.0666236458716218,-0.1314721527334480,-0.0384762928159506
0.1957714852135475,-0.0289219505650431,-0.2628865350684667
0.0362965873599905,-0.0098634683726283,-0.3629045368004618
0.5694594114784646,-0.0673882351208425,-0.2170227428698200
0.1166961908024382,0.0412287755705500,0.1659943506981432
0.1938368987103170,0.0701917431394926,0.1794573001863874
0.1903971164433629,0.0614100447976853,0.1196333409094414
0.1498730999529802,-0.0267498938743362,0.0178575797701989
0.1473137720335649,-0.0271376532852558,0.0311749769047418
0.2286643287266797,-0.0472243417926352,0.0473598320456978
0.1595429692145840,-0.0298689188334094,0.0387825316080651
0.0649059533114209,-0.0187839213712319,-0.3236852723938466
0.0752607314489565,-0.0241762614020163,-0.3539377521373109
0.7310454717365267,-0.0172515128047747,-0.1578949501169219
0.2663785296710129,-0.0182220660804046,-0.1282497418063133
0.8891086837525817,-0.2336834337950587,0.1450591638953262
0.4865346094408156,0.1071296488689455,-0.0438397937568462
0.0675045951281038,-0.0132796017749894,0.0719689460707393
0.0627433118429649,-0.0152516587786769,0.1405398754158644
0.1226307013095437,-0.0236352665015695,0.0519602576306326
0.1306915851788521,-0.0301506491358111,0.1030643413381803
0.1903298254883000,-0.0434956636451038,0.0922970139839167
0.1987489085979200,-0.0537087307116568,0.1500999579672893
0.0689564493581439,-0.0083247377637084,-0.0339151655976538
0.5138528966737317,0.0086925390459612,-0.1896810616218139
0.0759038075190948,0.0079278768148700,-0.1780848387210965
0.1226611450217073,0.0135191742740605,-0.1663572548739242
0.0574615197029634,0.0050509490649990,-0.1859180132374709
0.3965315082119317,-0.1867498077607210,0.5329879477964623
0.1063153820131811,0.0335061131834574,0.1098517399613219
0.1505774908369235,0.0413813816791890,0.0438477726256393
0.0869755867607295,-0.0255890341695569,0.2245323016372387
0.0569597654025983,-0.0047266408805014,-0.0876072806114199
0.1058735544092043,-0.0132876920244391,-0.0441198127243802
0.0594848119397796,-0.0055304367462842,-0.0745122297760694
1.0424098414834435,0.1358665218481312,0.0471105887274255
1.0315116337330665,0.1682264477291587,0.0519535941331636
0.0271245090906751,-0.0066534316782805,-0.3061421814829863
0.0243578119333965,-0.0045856799837074,-0.2735786682434050
0.0477719633162521,-0.0112202245012820,-0.2909481118967027
0.0430283990881722,-0.0090058714251225,-0.2755825167436343
0.6002470222093149,-0.0317777650664364,-0.2178456263726202
0.5138273617923148,-0.0573552465092980,-0.2308669331573382
0.0515382939076502,-0.0025601150377717,-0.1160515784038290
0.0860479130654618,-0.0062072417311756,-0.1015532294514145
0.0902263096313326,-0.0060134158719024,-0.1052675803071504
0.0543692586491264,0.0015433798139798,-0.2320987755460033
0.0878954060765542,0.0018194460943001,-0.2315956794380268
0.0854198343052061,0.0011130061696208,-0.2346125837595917
0.0525027534389404,-0.0044942388323131,-0.0869172865071766
0.0462358460416920,0.0006032984824943,-0.2317782748162297
0.0741992140513600,-0.0009695182759843,-0.2572973355610548
0.0929418053228030,0.0176433330341697,-0.1067471095662710
0.1636101843053945,0.0369755812916249,-0.0343701372562835
0.1538066013798554,0.0294392740739296,-0.0771775464877514
0.1113342209151820,-0.0159320011875193,-0.2651905942691557
0.0369532182372454,-0.0023769778914858,-0.2790824667529631
0.0298188862867505,-0.0028152842565404,-0.2634594298364362
0.0502706838731416,-0.0049343250287013,-0.2650458586557516
0.0505183492181272,-0.0060014774880708,-0.2784218195361983
0.0402853511313724,-0.0037456873112882,-0.2945252845502933
0.0270018400696842,-0.0030487764957405,-0.2742295185801261
0.0233099362731876,-0.0026037385672590,-0.2536950601706549
0.0228388781185526,-0.0038717842794079,-0.2628229912190119
0.0432180747071274,-0.0084894439023411,-0.2776927536509219
0.0415564856581421,-0.0005843947696348,-0.1577807976460083
0.0851707714310347,-0.0242485591497700,0.1980778138135576
0.0362637042254242,-0.0022396050960321,-0.2593931236629920
0.0698480061802079,-0.0044275680851328,-0.2565426992313844
0.0636983895089169,-0.0040579676861815,-0.2540885731021715
0.0404896289041264,-0.0020666442631289,-0.2472055056752881
0.0385948733636650,-0.0001293724072566,-0.1721159599587819
0.0346851482131597,0.0019328674376186,-0.1971290510409123
0.0633053638402918,0.0046754049053723,-0.2144841532410445
0.0604106684187700,0.0042163903569316,-0.2137673044141339
0.0967211231869365,0.0089698049497226,-0.2267209585127419
0.0953480895555419,0.0105520446995836,-0.2367812035983548
0.1360771507656707,0.0159986769300614,-0.2418778397453324
0.1345819314919608,0.0134885543457156,-0.2331624826241414
0.1334485763493417,0.0200344761982371,-0.2615950478256703
0.0944698249893252,0.0140267850277409,-0.2608423682429104
0.0332574809682125,0.0020628726826607,-0.2049977430526932
0.0514163190509853,0.0040448089014425,-0.2188404991631658
0.0901894742969216,0.0078906824909068,-0.2246550569543374
0.0328449325094782,-0.0007975731982538,-0.1568220994857465
0.0303727977319507,0.0018234328217716,-0.2131458478539762
0.0324330686313634,0.0029081753176040,-0.2286589331773554
0.0549115523572635,0.0034459757704981,-0.2146513255857324
0.0272845301719693,0.0021591773917214,-0.2221842460192169
0.2360755122296787,-0.0670737540320441,-0.2877429722429256
0.0285650629015027,-0.0036171050946508,-0.2865721957470314
0.0245375252564415,-0.0042369243395065,-0.2740351398414269
0.0750435645768086,0.0091417080388272,-0.1610915093509376
0.0221517268900571,-0.0040826931275403,-0.2720420645576374
0.0446918624874494,-0.0092973495902381,-0.2774448626230716
0.0422454978816058,-0.0073499829448526,-0.2596229906979422
0.0723278471080722,-0.0153416965926973,-0.2762259856422652
0.0685073769241270,-0.0133348052341705,-0.2689290423286625
0.0910092185098621,-0.0183962806431997,-0.2730151709931666
0.0203875996066917,-0.0036055811989816,-0.2618764388411007
0.0245292988172489,-0.0030010469851440,-0.2763154848252860
0.0274774419487170,-0.0034586835002151,-0.2761702803715546
0.0398436181481865,-0.0046911716690015,-0.3106094189989170
0.0527273385925994,0.0013543775696692,-0.2476282736880274
0.0413858901576005,-0.0042185785942181,-0.2946019486583564
0.0719517200710608,-0.0069758405023291,-0.2901592866299670
0.0213505711872594,-0.0031425900780113,-0.2677660095163032
0.0252542524360556,-0.0033863377482643,-0.2644109880168764
0.0727970321116798,0.0056962718575959,-0.1943501273588761
0.0301928343972003,-0.0026006406543224,-0.2646546065824810
0.0478252174478854,-0.0048392463910080,-0.2732727848781292
0.0482266774252666,-0.0022168206840021,-0.1211850852470359
0.1010517407303416,-0.0071420541657018,-0.1026114080805801
0.0845203755180292,0.0125993966504583,-0.1300098995376389
0.0331597138327173,-0.0050968404137831,-0.3018028062782794
0.0441380581219808,-0.0019278022293110,-0.2644378970819642
0.0750022895131080,-0.0030323122348144,-0.2632399266368843
0.0403745408384471,-0.0027010745224668,-0.2659375629311463
0.5186974689999977,0.0618742945484653,-0.2031832272523636
0.0451351107606763,-0.0013031710396541,-0.2599928579139687
0.0373829651350386,-0.0023974244158184,-0.2623143041818271
0.0245915412570385,-0.0029900905318336,-0.2654504832612873
0.0486380811851097,-0.0059714933389291,-0.2688299295834094
0.0294420121641761,-0.0049001071651297,-0.2889686772137883
0.0651145298587285,0.0033042922033036,-0.2056532469481863
0.0634548739997159,-0.0010976406211496,-0.2967529839070439
0.0216503486268470,-0.0032811996188027,-0.2687334599691980
0.0789735023012822,0.0137174277960646,-0.1111597434874884
0.0328242004333769,0.0001857255167114,-0.1796633059825209
0.0587121604414181,0.0014684802387541,-0.1946043060130606
0.0336004852068817,0.0021451028122743,-0.2173635014565962
0.0421259068563221,-0.0015039658656999,-0.1376285609367925
0.0324237246004199,0.0022224325648114,-0.2201330262846465
0.0647685144427114,0.0033938636180272,-0.2096693873849770
0.0497701209089970,0.0025779354319058,-0.2101344305538652
0.0320564533943798,0.0021174219270386,-0.2202624318356896
0.0242233483709602,-0.0040183177787170,-0.2616783395160138
0.0425711922367906,-0.0075892048065235,-0.2660535240374111
0.0426137350050091,-0.0079395140624761,-0.2719941256228989
0.0302194109569759,0.0004820737097985,-0.1865093047676365
0.0323079227530281,-0.0009291309096826,-0.1534407100637271
0.0848664156105101,-0.0244023558144060,0.2054793984337864
0.1414829685726445,-0.0428188514930533,0.2215957050614668
0.1333719244321472,-0.0379831656632636,0.1840921193595474
0.2991473385580518,-0.0909336778978265,0.1856782273333034
0.0701739698595788,-0.0155804135475343,0.1130064077370065
0.0415254262531486,-0.0035136620774292,-0.2817428034986122
0.0670274909453258,-0.0054417763963053,-0.2758120746033131
0.0447104583740100,-0.0019855573236135,-0.2843913743524547
0.0816192056916333,-0.0026159417825230,-0.2695005077456110
0.0349944130090212,0.0044416898535421,-0.2489873006305723
0.0239564283110630,-0.0023154312333509,-0.2586797380807484
0.0360594707105699,0.0031053509307726,-0.2219866139543182
0.8444980652872222,0.1134996855790945,-0.1265756563196847
0.0638041084167590,0.0022849884830103,-0.2391600707091991
0.0249786953244973,-0.0033237671417972,-0.2704994345484216
0.0449219775074159,-0.0060804164057219,-0.2670637057267252
0.0217245013132105,-0.0033354040921782,-0.2724290276363109
0.0417904360252185,-0.0065333347229234,-0.2697215664276905
0.0532428725314993,-0.0039914935372128,-0.0978774317810278
0.0493153692125493,-0.0038332008919482,-0.0960987486307506
0.0294446148790170,0.0005358253980559,-0.1837313615744165
0.0573951330160221,0.0005328306653603,-0.1822886568823529
0.0190264212200772,-0.0028439664111609,-0.2476965644579686
0.0741759588194063,-0.0204898186732294,0.1757789516512151
0.1589278364928413,-0.0341361985421748,1.0528820437189674
0.1406859107331610,-0.0121844283215699,-0.0924698504145474
0.0209883935775563,-0.0032842959478879,-0.2651048901578005
0.0219632784256831,-0.0047957077224149,-0.3056276368465121
1.1147588489343956,0.0624180357552152,-0.0587776545654882
0.0411589501265790,-0.0013248353313639,-0.1400005670904177
0.0350979593619253,-0.0010072158478808,-0.1410434667937430
0.9317574268427563,0.0832905457441055,0.1662577190072105
0.0290183120752291,0.0000303208847523,-0.1731145482940977
0.0594423381258708,0.0008054296955740,-0.1853391749373082
0.0325270137430869,0.0005478718194837,-0.1870822651785925
0.0383575651936447,0.0013850989077307,-0.1992102442511735
0.0662653393309933,0.0000159045690141,-0.1743359988452546
0.0688782652816726,-0.0093925675823784,-0.0145441645588146
0.0307745191849882,0.0003888001725875,-0.1813396590967057
0.0582134985331322,0.0022992052644684,-0.2008944033275978
0.0283948428045981,0.0023050976438969,-0.2231550565236323
0.0280156314216014,0.0008270410315207,-0.1957913200668746
0.0322593411919633,0.0007812415275134,-0.1865498612215124
0.0506022015197970,0.0114021839573476,-0.3542628033119184
0.0893307556803475,0.0237727260098840,-0.3734927331316100
0.1002500598686869,0.0324263941311920,-0.4796457630140290
0.0412819432936568,0.0057118963103245,-0.2538382571996470
0.0764756627085040,0.0148842716603274,-0.3035701214794163
0.0335327144406070,0.0040262388864356,-0.2479482090066361
0.4008594749991524,-0.0662897992011657,-0.2485049835327623
0.0427548330224530,-0.0075832489924210,-0.2714823021494064
0.0898647955785691,-0.0081444316754853,-0.0794996012358636
0.0555929862450431,-0.0052213332085031,-0.0737319053155499
0.0572113831200127,-0.0025594909886720,-0.1192323436311133
0.0324857194575509,-0.0083442968475095,-0.3161311941160018
0.4314591632850151,-0.0937545900416239,0.0316164638154460
0.2304943749116192,0.0631061735000022,0.0352465114700181
0.0393286834556879,-0.0018019004926931,-0.1232023409421310
0.0695677623210808,-0.0020469743179123,-0.1488909835587290
0.0459811631870234,-0.0037047128499963,-0.0985294300824519
0.0544388952943612,-0.0085697748403204,0.0110916575445671
0.0639862886509131,-0.0137987245154656,-0.6241099298119549
0.7400961196813043,0.0821151497054223,-0.1494224947662493
0.0767447736103564,-0.0135652960080965,0.0355902087519436
0.7873143374915362,-0.1560049482945676,-0.0220833720870272
0.7299723725043229,-0.1193576032820928,-0.0607387036817592
0.6693875808251022,-0.1300699737094398,-0.0220541472051055
0.0385203245583514,0.0056171807322375,-0.2573307996645591
1.0738512567263714,0.0942533020758714,0.0157983347371741
0.1515109115549576,0.0251950762452232,-0.1002518250508880
0.0473625057005146,-0.0094953842692618,-0.2785505684432235
0.9148040337644165,-0.0402321294727859,0.1864567894272535
0.8835768464573318,0.0245446635117171,-0.0965193329334707
0.0669383564631345,0.0078687949877331,-0.2406720184088949
0.2721173829660917,0.0979660774065877,0.1732875053434164
0.1650163373968951,-0.0286509821847629,-0.2679803176417735
0.2303018200367985,0.0033288119347803,-0.1920820443664361
0.0637492929993629,-0.0044633343847369,-0.2658168078341241
0.0699918729326987,0.0104018228390590,-0.6128084665966980
0.0476362384344329,-0.0069946807255400,-0.2667052140978080
0.0984473121018485,-0.0373072674533393,-0.3912501166172763
0.5378954584454185,-0.0598257275266743,-0.0997856841997967
0.7369518977456638,-0.1028773155732750,-0.0831896231261335
0.7160810576060478,-0.0733524633092588,-0.1170114552879568
0.6032623243306524,-0.0367791088600970,-0.1461828159286286
0.0908623937886938,-0.0069993619985381,-0.1039945957507206
0.4644245885475502,-0.0843691977263543,-0.1676153648892283
0.0617120621770387,-0.0000227753444631,-0.1762126546816035
0.1524543750830699,0.0087373991570670,-0.3575389769380692
0.3457540994842745,0.0038488788749168,-0.2217470989419732
0.4389214133204318,0.0584333534072362,-0.2241906307200404
0.1032012358194755,-0.0518956159379876,0.5668438897104972
0.2502011754792114,-0.0577471402016516,0.0808511846057726
0.3421844185964378,-0.0151342270875277,-0.2389267596721024
0.3700388534878981,-0.0179457542378287,-0.2378766888910850
0.1239402285876202,0.0119975651944336,-0.1748628203975208
0.2553636647833184,0.0059860869305082,-0.1969442283326829
1.0481816921707046,0.1918900727826288,-0.0175155078386924
0.2197565221037333,-0.0194301650873669,-0.1038265673262394
0.3309876755817142,0.0089555305036767,-0.2141991902041899
0.1733376744521231,-0.0219937805962426,-0.2615771609754330
0.0981751149833722,-0.0110321896751616,-0.0578983248491397
0.9722685171505002,0.0116561117839135,-0.1314813363879290
0.2038821194414600,0.0963886300792220,0.3855292360634958
1.0472578465555358,0.1057960103393710,-0.1018981958041684
0.9313690559520674,-0.0201173451604582,0.1719025993026282
0.1987814365923225,-0.0358110564137262,-0.2677028843187667
0.5294251466382546,-0.0903199217241980,-0.1785454901610661
0.0627924919105794,0.0059075396718056,-0.2279800545998814
0.6545263002348044,0.2476938360829768,0.1746980479418102
0.1969132309564283,0.0026577259253266,-0.1910575279727791
0.1441271825984518,-0.0104925292217979,-0.2573555123435963
0.7172080253157275,-0.2155880903699317,0.1250103985177978
0.2516832543794433,-0.0203053042219649,-0.2521633732576298
0.8554100024683562,-0.0495745430498535,-0.1137028964426095
1.0385991994365851,-0.1723565841480922,0.0002034968860257
0.2923427433370595,0.0335023007602887,-0.1511560250795665
0.1811475566221508,-0.0192932512805984,-0.2600277440032988
0.9554432778244197,-0.0683777781377394,0.1462938167249075
0.4998730069868550,-0.0324668670190841,-0.2304670778665531
1.0793748963948280,0.1530472608396222,-0.0055094631822449
0.0551582920295166,0.0151136796148803,-0.5653241641405207
0.2391350302109565,0.0474552123775572,-0.0604956461884195
0.2768827574897944,0.1177326717149014,0.2877129540782029
0.9185432573787947,0.2357672011313621,0.0166409813673664
0.2541006533727235,-0.0041328813529322,-0.2391807874537926
0.3836502580995045,-0.0495341675237158,-0.2480804808037321
1.0505586710782335,-0.1030357747249665,-0.0668379845009022
0.0686048564637369,-0.0053442336580726,-0.2838319330106413
0.2298079588710103,-0.0150261678126344,-0.1276214332750733
0.0948178878711542,0.0000299457045401,-0.1792474791685700
0.5346861408371617,-0.0454391794883157,-0.1287780000704828
0.0888342330757931,-0.0615850193137772,0.9820921453195731
0.2710164527190240,-0.0051800609163145,-0.1717693685076198
0.0920042032671479,-0.0068078638774837,-0.0979091351090384
0.2685523345830237,0.0267944781623316,-0.2289696856153844
0.6419110475612142,0.0866788117862629,-0.1355134755065898
0.7016721499840817,-0.1069155791457391,0.3574445991590107
0.7800740902001131,-0.1745447102549018,0.2815102765808903
0.5694885899267222,0.0638722106746680,-0.1837959123139353
0.9374469583206431,0.1905896999855801,0.1426935940577496
1.0934025639945020,0.1419178894575500,-0.0432663765222925
0.9715580053052433,-0.0282784973415689,-0.1027847777195417
1.0374421474284499,-0.0427067150457266,-0.0789201503157281
1.0516113376543283,0.0059379546946486,-0.0779532840179301
0.9820084442342181,-0.1369113951327199,0.1125697349573018
1.0036884433165381,-0.1812654521763166,0.0743553763455971
1.0440903950076232,-0.1066478665542275,0.0518281595430714
1.0538537314991319,-0.1612667796501851,0.0130155974359332
0.9283101480122544,0.1542804221333718,0.1600048653734280
0.8963963886560085,0.1339488732826755,0.1930569682938038
0.4068251183965073,0.0393926822840260,-0.1452138120082689
0.0773416670915196,-0.0018102738274441,-0.1545511565436525
0.2439756586777295,-0.0797806345143150,-0.2883943596905860
0.3071563934699158,-0.0869155049075610,-0.2655777815912925
0.0320246232924184,-0.0013844871378531,-0.2401962532801785
0.8688774547162244,0.0622359081188980,0.2254478135617338
0.5539311248621328,-0.0933346987504850,-0.0445348163456608
0.0449080425836653,-0.0068245018360135,-0.2808275265973180
0.1139417409678486,0.0271006602047825,-0.3281006692955844
0.1162523196820152,0.0224336153157917,-0.2917979914343173
0.5894215353466213,0.0416520565228869,-0.0744178543741891
0.6862506374525390,-0.2326351079276516,0.3103062738509034
0.0433150176279258,0.0019038539769951,-0.2054598344748213
0.4164576654922105,0.0150097871771944,-0.2010076412506246
0.3472760374227200,0.0610051578389175,-0.2489151394200967
0.4529842929485346,0.0402213500353618,-0.2157366756047767
0.1272066693531353,0.0188656751861487,-0.1266848157860202
0.2502318977670769,-0.0101813141719302,-0.2454076202164835
0.2286223965411086,-0.0267451518225106,-0.2575871912782638
0.0734699400428060,-0.0180927148409449,-0.2925665225896134
0.1720833487547567,-0.0008817305701416,-0.3225976835187435
0.1093802147939992,-0.0040391393175938,-0.1477217916697391
0.2949002589950431,0.1514177822633100,0.4620632550622268
0.0733377690068717,-0.0022800745892626,-0.1451388224392426
0.2619448716920809,-0.0093353852248214,-0.1590723326519260
0.1585130047804426,-0.0547002260673379,0.2901030769065151
0.0576556926575403,0.0005980870082575,-0.1836296480372924
0.2819214650416552,-0.0364705675842611,-0.0612270783799540
0.5762838060451937,0.0234693441192123,-0.1964786566191981
0.6943697606961720,0.0529471293496404,-0.1727256739763672
0.2133488806343418,0.0227354759638023,-0.1623594215931496
0.2475958245312246,-0.0110786830155383,-0.1506383862414495
0.1255774435722962,-0.0497486458036914,-0.3925126146902061
0.0481824438760846,-0.0064927994748300,-0.2890145373876403
0.5933849262926938,0.0654032977779416,-0.1339706940381668
0.3205129330494261,-0.0210853685701968,-0.2454058680452161
0.6585428031587529,0.2289713349887530,0.3506450557517086
0.6111660786501765,-0.0880955049936770,-0.0761598043920329
0.2385248537506613,-0.1065447087984657,0.8359270703652989
0.3210664567707687,0.0229333833668288,-0.1872700078360404
0.9005305245837323,0.0914340315677636,0.1947742353196439
0.0396295209079687,-0.0062989526005389,-0.2677890948846217
0.5928547509320768,0.0558769017136079,0.4474739817380040
0.0609346718206061,-0.0014081653475139,-0.1606361034548283
0.0748582938516942,-0.0093246633386692,-0.2678494146826634
0.1724127190867620,-0.0277874424003102,-0.2655581478992833
0.0273871047696960,0.0018342343815637,-0.2170949007224713
0.1359515250157401,-0.0016717016414927,-0.2500871757417311
0.0254523926233978,0.0011266121685510,-0.1875533029144369
0.0906044484289967,-0.0100482452718313,-0.2691783035607574
0.0562911380701317,-0.0062249145167565,-0.2698986610728111
0.1768818841607506,0.0110436081493731,-0.2158943022588247
0.6397331110605394,0.0596735429438906,-0.1659780138213955
0.7019562600565286,0.0905167048782539,-0.1377024791287188
0.8152942739860682,0.2437477436053454,0.0539317550715038
0.0420862953986494,-0.0063071320052944,-0.2764397073573944
0.4292609477144881,-0.0564940726113043,-0.2437452640462622
0.8592754085189512,0.1493973392916216,0.2232343224708136
0.9872529100711391,-0.0713329373249259,0.1138676342389853
0.1025637113659552,-0.0165910201978671,0.0067934081355996
0.1098335652509221,-0.0088098046374980,-0.2780981835684790
0.1058921740073730,0.0023445534601677,-0.2434618051304399
0.0507036157299001,-0.0047898938776176,-0.0721471161672526
0.1859064644103542,0.0739198776972697,0.2414310909327505
0.1081493951806999,-0.0179592384786092,0.0147109690268607
0.9979990067118562,0.1673569420143973,0.0885598532876333
1.0579192195482294,0.1554335385232746,0.0246023478793138
1.0589676705794506,0.1158046244656431,0.0311253852379735
1.0947512295505466,0.0918094734717096,-0.0076143399003032
0.7135836324806991,0.1520948331346338,-0.0606134426368967
0.3646949300903801,0.0710581818071791,-0.2215214150644095
0.7926977327519501,0.1663772508244073,-0.0621252974678354
0.2786919225449962,-0.0586594797148573,0.0452144761594481
1.0051118875927767,0.0832912540125800,0.0903791783357626
0.9010776363302877,0.1126438019387994,-0.1263616553534382
1.0794155686329763,-0.0231848255792542,-0.0425946655547790
0.5017664302332083,-0.0193680634560717,-0.0769089781821191
0.0527607151300470,0.0029239290854438,-0.2109137978357526
0.0825095936192517,0.0045059923947140,-0.2112048242438451
0.0405479015135143,-0.0052139177741815,-0.2613750658812536
0.4074790010860028,-0.1275025923565870,0.1773942493489438
0.0691193032463134,-0.0063705223959579,-0.2913321203754660
0.0837841617353414,0.0242779143970242,0.0516191484525901
0.8287823212492900,-0.1407599469847395,0.2511157134706690
0.0382538846054461,-0.0082935962831923,-0.2859298764144302
0.0395985466809364,-0.0050445308881969,-0.2619896153830794
0.0814200656487081,-0.0059299645400788,-0.1072266030930619
0.5566417696909884,-0.0301243207269435,-0.0616828690952300
0.1098195896450425,-0.0257606579765621,-0.2838450529500055
0.3534110569549474,-0.1574279984252382,0.6376971092567539
0.9354041196864189,0.0434773513891913,0.1661732679217569
0.4065101098337570,-0.1632721221852150,0.3315685881319989
1.0982506370990337,-0.0718261284320658,-0.0428388363849388
0.1131328662960835,-0.0288588740141192,0.1432881424652827
1.0621678281970410,0.1746712642191783,0.0061054755470872
0.0537094594434245,0.0033100592786454,-0.2131687581712411
0.0371533961387965,-0.0011292279190367,-0.2759945937022469
0.3640301514143310,0.1386345987822373,0.2001938114896719
0.0453470353631277,-0.0114429915705482,-0.3032368031032905
0.0511417078326389,0.0028834964789607,-0.2114678373011757
0.0608955971948021,-0.0044095253985569,-0.2691490088758233
0.0426336702399638,-0.0058828771842743,-0.2749232913081745
0.0556979104468126,-0.0007923350162383,-0.1647274234300578
0.0636162310343280,-0.0058047804911098,-0.2845264544881055
1.0908803863395518,-0.0177522987166821,-0.0285225099385742
1.0060279130019851,0.0577702931327752,0.0888967031847764
0.0399564110793793,-0.0061158981051841,-0.2697876165100098
0.0370737620780720,-0.0058152434708727,-0.2684303181225279
0.0722537673297194,-0.0027852656257717,-0.2736078303728713
0.5192840627800237,0.0246008082236204,-0.1992657391404732
0.0247437501689283,-0.0018462043543176,-0.2608748563133723
0.0537891206304131,-0.0065383942391123,-0.2834411678548103
0.0377627069667875,-0.0004925648150569,-0.1673363930039885
0.9972741480185379,-0.0491670248652071,0.1035809766539783
0.0533619019326607,-0.0151325856347517,-0.3354300735936122
1.0931071020468910,0.0071419016808557,-0.0372189346383774
0.5514238314110631,0.0217108370417757,-0.0643963795235079
0.0723656743195004,-0.0025286653034742,-0.2676126400232005
0.0799603048453024,-0.0064828061056384,-0.0941795519972843
0.0440825498503276,-0.0076221703860880,-0.2621080785198270
0.0495577466203203,0.0003602451183896,-0.1806811620860451
0.2711768623344251,-0.0276238719969309,-0.0931525607982530
0.8445388982387337,-0.2182858149330084,0.2083831854098611
1.0199181924957728,-0.1580613408577028,0.0674964991447576
1.0077299481448463,-0.1365411911946990,0.0863979317618648
0.2050700715966279,0.0064142850110351,-0.2007060951102023
0.1767098015018725,0.0477487627142086,-0.3263787034218920
0.3814700255510729,-0.0741235523717870,-0.1832552538579650
0.0924296656364360,-0.0100321985307366,-0.0625482871816052
0.1222083831471753,0.0162655594227989,-0.1396107368439286
0.0700497994638500,-0.0031422893546360,-0.1350815074217398
0.0486710970255723,0.0003961817561010,-0.1804642627102226
0.0790971404128438,-0.0094135232940424,-0.2698233783338437
0.0646746157055485,-0.0028324201709760,-0.1356041692658772
0.3444782911775826,0.0726068673551064,-0.2429111451351356
1.0101080648082339,0.1922719069688229,0.0665396161066721
0.0287448673082214,0.0022345483784584,-0.2135519851633039
0.1032753606166626,-0.0157401897247210,-0.0020963159491676
0.0633729446773608,-0.0011324785677351,-0.1560747743381259
0.6133279467441956,-0.0834589436768060,-0.1778831164974495
0.2839165327796160,-0.0766184574379436,0.1360481476127228
0.7338389517908332,0.1200038588460319,-0.1103445827234790
0.1060612061619782,-0.0168805523836203,0.0041473604319127
0.8776334592776895,-0.1323171641756459,0.2108901790089469
0.7480152292860953,-0.0490979310362393,0.3262524095433183
0.0596905160436514,0.0051948541372755,-0.2206824758689424
0.5857771531731651,-0.0736560949159440,0.4519020904972239
0.0702127898390900,-0.0037898051562459,-0.1242001052286512
0.0710270917368557,-0.0141361692424551,-0.2760569843157864
0.9863681759563162,-0.0091009108942995,-0.0850490388689077
0.0627492138777200,0.0001108064876989,-0.1765964617241706
0.9743482238540763,-0.0186613841464553,-0.0977502643439923
0.1416470353573492,0.0419790206840237,-0.3997044668639607
0.8913994893707716,-0.2207532612183344,0.0597629837732895
0.1136719714206898,-0.0093376673293333,-0.0963808876735529
1.1140962557532008,0.0836708670145862,-0.0364654402177696
0.0571037730026448,0.0043149574129639,-0.2209653895333814
0.1270532506719527,-0.0274370973383234,-0.2770969264870944
0.0922675396746725,0.0002349377265013,-0.2620083274382926
0.0647233692532320,-0.0144758970142473,-0.2823664480086009
0.5881643210452820,-0.0226685369901260,-0.1608151075701139
0.1358244469680160,-0.0414819644490390,0.2265825184711590
0.1326363599012782,0.0375934285871000,-0.3597002492007955
0.3179667066803321,0.0754908182138988,-0.0132591235224932
0.4244556477999786,0.0769478015547111,-0.0853679555526293
0.3105295795208296,0.0852283865967781,0.0352895630214213
0.3873792513162082,0.1245648995998225,0.1002150271845125
1.0534330100039357,-0.0912728654175669,0.0427611116760121
0.2500740354962977,-0.0076485227323868,-0.2444930429464994
1.0862923501917352,0.1217604501619496,-0.0747805216775085
0.3072768552452447,-0.0721931889508843,0.0782106416491535
0.4095278968465509,-0.1094385528179452,0.1065013641457163
0.0460250626283489,-0.0057405644794987,-0.2738361126169492
0.0551270146089022,-0.0007238401035074,-0.1672818294062442
0.3608792463732915,0.1926158543866713,0.5917805064730056
0.6972246911088100,-0.0039536042170270,-0.2001038856292923
0.2158441906558017,0.0291114617160043,-0.2484131974664604
0.0726698967276599,0.0115735592359653,-0.2698698858584696
0.0960657744645714,-0.0024314859800027,-0.1591084271752660
1.0661539641106992,0.0001277367569750,-0.0550048613042159
0.3992276187606290,0.0402540311611177,-0.1633918383745306
0.0748704332889088,-0.0085777548958195,-0.2723955217777180
0.1589854526937693,-0.0602084931613928,-0.3531384545090981
0.1066239719758313,-0.0193281835199834,0.0323667378248009
0.0587795563378950,-0.0040004687818233,-0.2639538168493699
1.0187049503715246,-0.0989164807054407,0.0792919529641759
0.0624033200469541,0.0087675349835273,-0.2569819866778284
0.3555712112894923,-0.0527820605712262,-0.0483600896269940
0.8455923293792814,-0.2373196781362245,0.1138460534656603
1.0605201568057820,-0.1533267530035901,-0.0120144137973612
0.9344845063459142,-0.0004501760691413,0.1690967582708531
0.0545447921470945,0.0020054905186258,-0.2017874825598377
0.1345147153276557,0.0121054750420641,-0.2277460087227089
0.1819046276575224,0.0159738609977118,-0.2272830155725719
0.0627938840538933,-0.0120255148459680,-0.2707882881405754
0.5452806616669339,0.0501971273692155,-0.1012769124448494
0.8549290576432449,0.2232569912524541,0.0058399043887289
0.0758274382052629,-0.0091486546405986,-0.2784006918696784
0.2069367493576500,-0.0488755781591022,-0.2876210891492986
0.0921813872421895,0.0065242783671785,-0.1976523390114074
0.1135960479331341,-0.0042956210425008,-0.2606307240402251
0.3413853477582123,-0.0280514624350514,-0.1209878490467809
1.0496748076208990,0.0421372924412487,-0.1066512031034851
0.2206603929486925,0.0145017802441154,-0.2171800627559168
0.4221191290042911,0.0708391844639498,-0.2252498564836858
0.2948336336046864,-0.0138892725396040,-0.1506290084787780
0.0481497603611769,-0.0129454495373714,-0.3135985525417063
0.4384773982614407,0.1824566474711139,0.2503506869531162
0.6821493009462100,-0.1174575010596553,-0.0501097587906290
0.0625816825293766,-0.0066186274145864,-0.2983303319769095
0.1344004489760772,-0.0414584796059515,0.2330440602838046
0.0554223877849133,0.0019733579220838,-0.1971054776834349
0.3028185216098674,-0.0074499758631251,-0.2370767221750279
0.1466283468667652,-0.0377984448845869,-0.3620664808759543
0.0633868237671340,-0.0119487415066327,-0.2683063505596302
0.2623460953087489,0.0420264483797210,-0.2565702220598511
0.9747109514433492,-0.0649497113261754,0.1272835197406412
0.8044524974138030,0.2664877726574366,0.1178099550283739
0.2529847162463897,-0.0779241546837909,-0.2874019774184882
0.1745810388615196,0.0251840169423072,-0.2558796202198625
0.1699260268733284,0.0317017346321682,-0.2795627774811839
0.0918144198850732,-0.0060028699383102,-0.2574620218930347
0.0578213933936366,-0.0037774288629802,-0.2609981070536250
0.3553904970797812,0.0417312213055163,-0.1491884280287049
0.2971989107443958,-0.0061700800712066,-0.2369195742423894
0.1721174465953453,0.0207485080769985,-0.2429447621721879
0.0805333772132541,-0.0113546128917764,-0.2654058105950004
0.0717399368003489,-0.0049876962868793,-0.1093991664606832
0.7882161634714558,-0.2255540318326637,0.1047158520430882
0.3519021371494465,-0.1217890905262792,0.2426892670481711
0.3855624679823416,0.0129567356261429,-0.2084662689309998
0.0533292084349750,-0.0155247568205053,-0.3521892801448612
1.0712687365272537,-0.0930177615328650,-0.0603507897089420
0.0631486252956409,-0.0111678649694204,-0.2713011070927548
0.1389898213788125,-0.0120229819194396,-0.0969987572085054
1.0911748435681996,0.0365186288342747,-0.0753237982617152
0.8912208645926050,-0.0923597969321841,0.2040891492148366
0.2000401401743873,-0.0650070193308254,0.2428017111669211
0.4946716261178004,-0.0365075727277326,-0.0897912038285824
0.0731144083279694,0.0012900885406478,-0.1891425090033516
0.1548370733953786,-0.0678210131388354,0.4426491189772983
0.1412623868959664,-0.0331511495619752,-0.2821617706963087
0.2238017828955471,-0.0233629980673855,-0.0842505951523373
