V1,V2,V3
1335,1759,2172
649,651,655
1210,1213,1216
1568,1201,2035
690,692,931
996,1695,2380
1253,1262,2231
1445,1449,1454
943,1516,2074
728,731,974
643,632,644
812,1893,2156
1877,1873,1887
1358,2046,2288
989,1996,1998
869,872,883
1517,1053,2200
875,877,890
1192,1986,2089
1099,1981,2005
1352,1354,1367
1364,1467,1509
974,731,1561
1566,1277,1730
742,744,752
1576,1143,1600
745,743,2085
1382,1377,1464
1879,601,2110
1279,1275,1280
755,731,2349
1173,1632,1935
1308,1969,2457
1011,1012,2389
832,836,1068
1097,2223,2291
916,918,2138
1426,1506,1804
728,974,2148
1280,918,2127
1656,985,1890
1139,707,1584
1008,995,1037
1324,1336,1973
1960,843,2203
974,1211,1229
885,1803,2279
641,1078,1503
828,1382,1464
1484,1320,1607
644,646,647
815,1949,1973
1001,998,2154
636,77,1909
1736,1926,1943
1570,1329,1572
1751,1925,2034
791,1072,2121
1426,1469,1506
1172,1152,1863
800,2022,2024
931,1165,2234
1205,1568,2253
1307,1485,1525
633,1043,2302
1492,1193,1689
586,1647,1668
959,1981,2057
1536,1178,1563
1216,1213,1241
1418,1420,1421
1208,1219,1240
1510,1907,1908
673,2002,2258
882,1701,1702
1367,1359,1708
1050,629,1054
692,695,707
905,901,1074
655,651,1514
1562,591,1629
869,883,2227
735,1527,1745
1171,1783,1832
882,839,2397
940,1596,1815
1524,753,1809
77,970,1909
1497,717,1712
855,1951,2459
707,1139,2236
627,1070,1787
1304,1299,1311
893,895,939
1325,1484,2266
746,748,821
733,1090,1095
660,665,941
613,1492,1689
962,1066,1994
1191,1483,1491
845,1605,1934
1183,1536,2314
1600,1143,1601
738,1092,2419
1332,1333,1533
676,923,2153
1173,1611,1632
1430,1434,1617
1467,921,1509
1274,1286,1482
331,330,1559
644,645,646
945,1516,2445
1072,791,1980
787,792,936
1134,1144,1146
641,1077,1078
1599,1576,1600
1421,1420,1424
1421,1424,1469
1070,1071,1787
967,1551,1552
1469,1426,2365
1236,1233,2155
1254,1257,1476
1240,1953,2334
1672,585,2106
1538,612,1921
746,821,2364
1491,1193,1492
1238,1960,2203
1577,1139,1584
1494,1324,1973
1791,931,2234
731,733,2349
1705,1702,1861
942,1864,1982
1134,1136,1144
2014,2011,2076
1084,847,2446
1796,1147,2033
1553,623,1757
1399,1401,1825
1692,713,1747
816,879,2343
633,88,1043
1176,1943,2313
646,648,649
1305,1307,1525
1667,1666,2165
1714,1828,2390
1171,1832,2183
772,773,2420
1276,1282,1285
682,683,2392
2048,1452,2064
655,1514,2217
649,950,2282
1683,1682,1801
734,738,1090
1210,1212,1213
1068,836,2424
1270,1268,2123
636,1053,1517
1575,577,1592
952,724,2132
1141,1142,1148
1585,1119,1913
1351,1496,1843
1423,1421,1477
1678,1683,2190
783,785,794
743,749,2085
585,1661,2106
649,650,651
643,644,938
1418,1421,1423
1569,1322,1688
1734,1735,2345
2046,806,2288
1981,1099,2057
724,952,1511
1139,1137,2236
785,936,2064
839,846,2397
851,1067,2491
1746,1858,2441
716,2044,2099
1434,1436,1841
721,725,2353
601,1879,1931
1206,1208,1240
1023,1024,1747
629,1050,1052
1226,1581,1694
980,1834,1956
2034,1675,2327
1031,1028,2047
1138,1140,1141
1631,1924,2396
666,1074,2228
1193,1491,1951
1544,2104,2402
967,1515,1551
715,842,2346
761,2172,2442
1410,1530,1805
1911,1912,2197
1456,2174,2196
1024,1692,1747
580,1554,1677
1354,1359,1367
1138,1141,2431
1276,1281,1282
1213,1214,1221
1036,2153,2316
1723,1839,2118
1439,1442,1738
672,1963,2140
658,1067,2066
1189,1191,1491
680,681,2246
1164,1652,2134
904,915,956
1447,1539,1540
1167,1168,1583
1043,1044,1045
1429,1507,1508
862,1098,1522
1075,1076,2047
941,665,2018
1901,2042,2166
1845,910,2408
883,872,2454
956,958,1099
1788,1811,2277
763,814,2348
1020,1022,1023
805,810,2296
931,692,2235
1709,807,1843
660,941,1995
785,787,936
731,732,733
1146,1144,1537
766,977,2359
1667,1469,2365
1168,1167,2274
1089,1048,1980
766,978,2020
1572,1329,1917
1532,827,1968
1696,610,2393
1104,1098,2302
1198,2038,2263
975,630,1567
1875,1873,1877
721,723,725
1329,1570,1918
1024,1027,1691
1094,2155,2419
1090,738,2419
1324,1326,1336
1813,1915,2163
1078,628,1079
1272,1274,1482
1505,1499,2186
793,796,2261
890,877,2456
681,682,2392
1294,1292,2179
978,766,2359
847,857,2446
726,728,2148
1394,1396,1399
1447,1540,1893
1003,1001,2154
768,771,2301
998,1008,2154
1315,1317,1905
1088,1089,1980
1510,1234,1907
630,975,1038
1057,1055,2006
771,772,2420
1240,1219,1953
783,794,2445
1125,934,1128
1012,1018,1019
1704,1702,1705
1852,1902,2096
2025,2012,2139
661,2150,2185
875,890,2248
1198,1200,2038
1336,1337,1973
1659,1660,2297
1355,1358,2288
1647,586,1657
690,931,2467
1889,984,1890
1421,1469,1667
644,632,645
674,1517,2200
1937,2041,2068
1507,1429,1823
898,900,981
1233,1473,2155
987,990,1648
832,835,836
1873,1872,1886
612,1538,1539
1921,1448,2111
647,646,2282
1960,1238,2116
1020,1023,1590
904,956,966
803,1506,1507
859,2295,2369
742,752,2482
1718,1720,1822
1506,803,1804
99,0,2169
1993,1992,2258
939,895,973
1778,2014,2387
966,956,1574
1271,1797,2083
1096,1097,2291
1429,1508,1633
1762,1987,2089
986,1511,2130
1784,1486,1785
1012,1019,1034
651,653,2219
936,792,2141
766,768,977
990,992,1864
1319,1321,1570
1045,1044,1049
1730,574,2249
1919,829,2007
1282,1283,1288
2130,2049,2239
1010,1011,2473
1263,1265,1723
938,644,2186
69,632,643
87,633,968
96,631,967
714,715,2346
1456,1521,2174
94,637,971
76,636,972
1156,1163,2075
2089,1986,2459
1313,2027,2396
1321,1569,1570
981,983,1571
679,680,2246
1670,584,2195
728,730,731
2066,1067,2285
1525,827,1532
787,789,792
984,1656,1890
1652,1163,2134
1531,1806,2190
2090,853,2462
971,637,1086
1019,1020,1080
1695,1696,2380
1564,1681,1802
748,751,2452
1580,590,1665
614,1569,1688
1160,1161,1173
647,1505,2186
1197,1198,1762
1998,1996,2090
1151,1153,1167
1334,1760,1975
970,634,1096
984,1889,2375
1759,1760,2172
78,634,970
968,633,1098
839,841,846
1973,1949,2395
1285,1282,1564
1569,614,1570
2105,928,2454
1889,983,2375
762,763,2348
1539,1447,1693
1046,640,1047
726,818,2361
1646,2056,2210
1568,818,2253
768,770,771
1803,885,2276
1055,1486,1784
1043,639,1044
632,70,924
1701,882,2422
1095,1090,2155
937,721,2353
1948,1544,2402
2024,2022,2100
1648,988,1742
1115,1118,1471
1166,1146,1796
717,1497,1711
1277,1566,2125
1484,814,2266
579,1571,1679
1011,1010,1012
1224,1230,1527
2002,2003,2258
866,867,2372
811,816,2369
921,1467,1468
733,734,1090
1427,1430,1508
827,1525,1969
1112,1115,1124
1537,1145,1789
646,649,2282
752,744,2094
1286,1285,1845
1969,1525,2457
1300,1303,1305
909,746,2364
806,2162,2420
1453,1399,2030
1234,1243,1907
594,1612,2356
2012,2025,2226
837,839,2377
939,973,1815
1401,1404,1587
1378,1381,1383
656,658,2066
647,951,1505
1300,1305,1312
792,793,2261
1462,918,2123
1669,1168,2274
1605,845,2134
1046,1047,2474
1151,1167,1583
1354,1356,1359
1514,651,2219
963,965,987
670,676,2153
2130,1511,2501
1213,1212,1214
742,743,744
1404,1406,1487
1617,1434,1618
1298,1300,2229
918,1280,2123
1470,1224,1527
1408,1518,1801
690,691,692
1399,1396,1401
1036,824,2153
1876,1879,2110
1023,1022,1024
1870,611,2244
967,631,1515
817,831,2362
1908,600,2325
808,1551,2417
1098,1104,1522
2137,926,2497
1527,735,1898
605,1842,2178
1365,1369,1371
956,915,958
1118,1122,1480
1496,1351,2322
2127,918,2482
1245,1247,1614
895,898,2304
1409,1414,1518
1340,1341,1553
1731,572,2170
1899,609,2091
1541,1544,1948
1842,1438,2182
997,1000,2319
992,994,1526
1141,1148,1171
882,1702,1704
1141,1140,1142
857,866,2372
797,1064,2391
638,86,2133
1188,1189,1492
1789,709,2173
1484,826,2348
1126,1129,1170
783,943,2079
1371,1373,1588
979,1472,2359
972,636,1517
630,1038,1039
790,1071,2191
1430,2355,2385
1359,1361,1582
1442,1444,1740
829,1922,2007
1184,1186,1188
1257,1260,1263
1570,614,1918
1109,1111,2102
1341,1344,1958
1103,2383,2429
1122,1126,1242
1282,1281,1283
1524,1809,2125
1087,954,1567
1307,1310,1315
725,726,2361
1583,1168,1848
1778,1779,2014
824,1036,2154
1544,1547,2104
0,64,2169
872,875,2248
1415,1418,2269
951,647,2282
1916,1241,2308
1160,1159,1161
94,95,637
67,68,635
85,86,638
76,77,636
667,1816,2299
1143,1138,2431
651,652,653
1802,911,2309
1145,1537,1575
1174,1176,2313
612,1539,1693
1241,1916,2088
1000,1002,1055
577,1575,1599
1668,1647,2245
1399,1826,2030
1097,634,2157
810,811,2369
935,1819,2252
864,1058,2159
1485,2080,2394
1775,1772,2068
937,2036,2317
1436,1439,1573
1313,1312,2027
1028,1025,2047
803,1507,1823
635,68,2098
1385,1388,2034
1600,1601,2347
1280,1270,2123
1576,1144,2310
924,70,2124
1477,1421,1667
1475,1166,2033
1482,1286,1608
1034,1019,1550
832,1068,2366
1388,1390,1751
1403,1587,1597
78,79,634
69,70,632
87,88,633
96,97,631
692,707,2235
1127,1523,1846
816,817,2362
893,939,2137
1391,1394,1727
1289,1291,1852
1019,1018,1020
734,737,738
1176,1179,1736
1148,1149,1554
2053,1236,2155
1191,1196,1197
1304,2071,2126
644,647,2186
763,766,2020
744,746,2399
794,785,2064
646,645,648
747,745,2085
707,695,1584
836,837,2377
1344,1346,1834
1916,616,2088
988,1648,1984
86,968,2133
958,961,1966
1665,1301,2093
943,783,2445
1049,1051,2383
1225,1527,1898
2359,1472,2444
1000,1055,1057
1247,1250,2069
1076,820,2047
694,2060,2495
692,693,695
994,997,1528
739,742,2354
847,856,857
92,93,629
65,66,627
74,75,628
83,84,630
1333,1339,1340
1394,1453,1727
1332,1331,1333
1444,1446,1538
1855,830,2306
1317,1319,1572
759,331,1559
1077,628,1078
1587,571,1597
1224,1228,1230
982,1679,2198
1406,1408,1748
1673,1672,2106
792,802,2141
918,916,2482
1085,1877,1887
1071,790,1072
1098,862,2049
900,902,2375
623,1553,2262
634,79,1041
689,690,2411
1204,1206,1239
1401,1402,1404
1058,864,2181
68,643,2098
67,635,1058
1361,1363,2324
1279,2094,2303
739,741,742
796,797,2391
1239,1240,1955
950,655,2368
753,1524,2083
591,1562,1630
981,900,983
1893,1540,2156
820,1083,2047
1124,1115,2403
630,84,2370
1499,1500,2186
831,832,2366
945,1646,2210
1735,1179,2345
1119,1585,2289
1024,1691,1692
1187,1610,2313
930,2220,2228
2060,2082,2495
631,97,2434
1311,1294,2179
1930,1626,2326
1346,1349,1495
1049,1050,1051
731,755,1561
1687,1811,2304
862,1522,2122
797,805,2296
1562,1629,2092
1126,1170,1523
1742,603,2107
1153,1156,2075
879,816,2362
649,648,650
2383,749,2429
1170,1475,1828
1338,979,1458
1337,1336,1974
1173,1174,1611
656,657,658
1083,1031,2047
1883,1626,1930
649,655,950
869,871,872
1373,1375,1562
1721,1822,2449
725,723,726
1931,1879,2477
1394,1399,1453
2220,666,2228
1202,1204,1497
1968,1306,2272
1791,934,2467
1646,945,2445
1427,1428,1430
1027,1029,1560
814,1484,2348
1523,932,1846
1321,1324,1494
1917,764,2238
1554,580,2318
1053,636,1909
1721,1716,1822
1661,1662,2106
1555,2052,2367
1211,974,1561
1544,1546,1547
1200,1202,1578
2094,1279,2127
1234,1237,1243
609,1694,2091
1478,937,2317
872,884,2454
1934,1605,1935
1080,1020,1590
1221,1222,1581
1059,987,1998
1129,1131,2458
1154,1677,2136
1215,1916,2308
75,972,2241
839,882,2270
1811,973,2304
1385,2034,2327
884,872,2248
1375,1378,1513
2065,656,2066
1519,1531,2190
1430,1432,1434
1882,1883,1930
1057,1946,2329
1165,931,2235
1670,2195,2437
864,1070,2181
918,1462,1967
1315,1905,2469
1085,2031,2397
1148,1142,1149
1418,1419,1420
1242,1126,1523
89,639,1043
98,640,1046
1265,1267,1566
2065,666,2472
1359,1356,1361
810,805,811
1279,1280,2127
628,75,2241
1029,1032,1555
1312,1305,1532
1032,1082,1105
1492,613,1962
2014,1069,2387
1288,1289,2096
2155,1090,2419
1383,1385,2072
1250,1252,2297
1184,1188,1238
1322,1569,2395
1516,943,2445
780,783,2079
1115,1117,1118
1371,1369,1373
952,954,1511
893,894,895
821,748,2071
93,971,2254
1232,1234,1510
1434,1435,1436
1041,80,2430
1149,1151,1493
1547,1548,2100
1305,1303,1307
1612,2032,2356
1349,1352,2478
933,690,2467
1222,1224,1470
1797,753,2083
1404,1405,1406
987,965,990
1510,1908,2325
629,93,2254
1959,1182,2344
1243,1245,2058
1267,1269,1524
847,1084,2414
699,701,2470
1048,1089,2067
1067,658,2491
916,742,2482
951,950,2131
1118,1121,1122
1951,1491,2459
926,1595,2252
1271,2083,2287
68,69,643
95,96,967
86,87,968
1220,1954,2334
1131,1134,2373
777,778,2384
1269,1272,1481
1040,1042,2157
1218,1761,2263
1263,1260,1265
868,869,2500
85,638,1087
844,1536,1563
627,66,2181
1060,1059,2090
1181,1184,2479
1106,1109,2166
1390,1725,1726
1291,1293,1580
826,1484,1607
751,758,2466
1282,1288,1681
778,779,2384
1915,1221,2163
1006,1010,2473
77,78,970
1919,2007,2505
2153,923,2316
2231,1262,2242
1536,842,2314
1208,1210,2265
1176,1736,1943
684,704,2404
895,896,898
1704,1705,1798
93,94,971
75,76,972
74,628,1077
1365,1371,1457
1286,1845,2408
1172,1863,2351
1618,1434,1841
1581,1226,2163
757,1941,2115
854,2353,2361
792,789,793
906,2130,2239
83,630,1039
84,1087,2370
816,811,817
634,1041,2157
1486,1015,1786
1436,1437,1439
990,991,992
1777,1068,2424
1063,627,1787
1078,1079,1489
1406,1407,1408
1738,1442,1739
66,1058,2181
731,730,732
1694,1581,2091
771,770,772
846,847,2414
878,1704,1798
1861,1702,2311
1013,2225,2473
1805,1530,2165
1252,1253,2213
898,981,1687
1946,1057,2006
1982,1864,1983
1109,1110,1111
1830,1831,2257
1159,1160,2426
1394,1395,1396
1315,1310,1317
936,2048,2064
1819,1820,2252
1066,851,1994
1274,1276,2298
1961,1194,2116
1188,1186,1189
2184,661,2185
1145,1575,1592
796,793,797
637,95,2222
683,684,2404
1092,738,1512
1760,1334,2172
1568,854,2361
1122,1125,1126
1293,1296,1556
867,868,2500
681,680,682
953,975,1567
854,1568,2035
1518,1683,1801
931,1791,2467
954,953,1567
1081,861,1169
1263,1723,2118
1213,1221,2307
88,89,1043
97,98,1046
1170,1129,1475
1024,1025,1027
872,873,875
1013,2259,2450
854,2036,2353
1194,1960,2116
806,2046,2162
95,967,2222
1956,1834,2019
1883,925,2268
1179,1181,2345
1425,1427,2379
1508,1430,2385
1489,662,2194
1530,1410,1806
836,835,837
947,1748,1782
1383,1381,1385
1454,1449,2294
994,1528,1696
665,669,2493
1548,2024,2100
2219,666,2220
1098,633,2302
1045,1049,1103
992,993,994
1221,1214,1222
1555,1032,2052
1042,976,2060
1430,1617,2355
1415,1417,1418
1748,946,1782
1655,1656,2320
736,1522,1589
802,792,2261
809,908,2097
958,960,961
1773,878,1798
2114,1628,2268
963,987,1059
699,885,2264
97,1046,2434
875,876,877
1522,736,2122
80,642,2430
1439,1440,1442
923,2273,2316
755,1490,2290
1408,1409,1518
831,817,832
1008,1037,2017
1344,1345,1346
1096,634,1097
1069,2014,2076
1536,844,2346
1457,1371,1911
1304,1311,2101
887,1577,1584
660,664,665
1341,1342,1344
712,1076,1749
695,697,2494
1340,1339,1341
1518,1414,1519
1655,1574,2496
1828,1475,2390
1677,1554,2136
1126,1128,1129
1865,1154,2136
1047,640,1063
877,891,2456
1500,938,2186
1197,1196,1198
1538,1921,2111
1326,1327,2293
783,784,785
1144,1136,2310
1388,1389,1390
1163,1652,2075
1317,1318,1319
940,1815,1816
1518,1519,1683
1111,1124,2032
1171,1148,1783
2329,1944,2331
1245,1246,1247
1112,1114,1115
774,775,2503
773,774,2503
1774,1772,1775
1615,1247,2069
1442,1443,1444
1493,1151,1583
656,2065,2472
1198,1199,1200
1424,1425,2379
880,1831,2410
1296,1298,2158
1004,1006,2225
1019,1080,2140
697,699,2264
744,745,746
715,714,2470
994,995,997
905,1074,2065
618,1590,1933
818,1568,2361
1780,1705,2335
1409,1413,1414
1002,1004,2498
2030,1731,2170
1247,1248,1250
66,67,1058
1551,1515,2417
1072,1980,2062
780,782,783
712,1586,2246
1385,1386,1388
1230,1228,2275
1944,825,2331
1346,1347,1349
1610,1611,2313
746,909,2399
1265,1266,1267
754,747,2085
721,937,2267
1257,1263,1466
2169,64,2489
842,1536,2346
1069,2078,2366
687,689,2411
1820,1821,2081
912,2108,2364
1647,1657,2289
1382,828,1529
1807,1533,2442
1564,1282,1681
961,962,2193
1129,1130,1131
1179,1735,1736
590,1580,1650
1444,1445,1446
1245,1614,2339
1601,1171,2183
89,90,639
98,99,640
71,72,641
80,81,642
1708,1359,1895
1025,1075,2047
654,656,2472
1250,1251,1252
669,670,2493
1596,939,1815
1378,1383,2007
776,777,2465
1055,1002,1486
898,899,900
763,762,2466
1027,1028,1029
1517,674,2185
902,903,2321
666,2219,2472
1106,1107,1109
1253,1254,2213
1391,1393,1394
84,85,1087
865,951,2131
986,906,2129
1537,1789,2173
1626,1883,2268
1252,1659,2297
1873,1886,1887
775,776,2465
1289,1290,1291
1373,1374,1375
884,2105,2454
1571,579,1686
742,741,743
1481,1482,2054
1083,820,2177
65,627,2489
1522,1104,1589
651,650,652
2128,655,2217
2150,1579,2185
1267,1268,1269
1595,926,2137
72,1,2199
81,2,2201
997,998,1000
1062,1034,1993
705,1585,1913
1635,1471,2468
1361,1362,1363
653,654,2472
1200,1201,1202
658,659,2491
857,856,866
663,1489,2194
954,1087,2501
1105,1106,2042
1131,1133,1134
1036,1003,2154
1029,1031,1032
1174,1175,1176
1087,638,2501
1166,1796,2033
2203,1959,2344
79,80,1041
1382,1529,2286
1268,1266,2123
900,901,902
1044,639,1052
1475,2033,2390
1349,1350,1352
1820,926,2252
2017,1037,2050
1319,1320,1321
1899,2091,2300
1103,1049,2383
909,2108,2303
1043,1045,2302
1020,1021,1022
1288,1283,1289
1963,1550,2140
1128,934,1791
715,721,2267
1375,1377,1378
2007,1922,2428
1136,1138,2310
2044,2039,2221
1547,1546,1548
1042,2060,2061
690,689,691
1527,1230,1745
1138,1143,2310
951,888,1505
2105,884,2247
1552,2176,2222
891,892,2497
2046,1358,2250
1523,1127,2245
710,1600,2347
2295,859,2423
738,737,739
659,660,2491
1072,790,2121
1202,1203,1204
1239,1206,1240
2044,1578,2099
2077,2012,2226
1092,1512,2232
814,763,2020
1720,890,1822
1120,2051,2142
1600,710,1645
1954,1955,2334
956,1099,2005
1243,1237,1245
683,682,684
904,914,915
746,747,748
892,893,2497
1291,1292,1293
1032,1081,1082
818,1229,2253
785,786,787
1468,1355,2288
1333,1338,1339
1811,1687,2277
1040,976,1042
1189,1190,1191
616,1765,2088
1779,1775,2041
1633,1508,2385
1173,1161,1174
878,1773,1777
962,963,2193
1232,1233,1234
1367,1708,2358
979,1338,1472
1321,1323,1324
2372,925,2446
867,866,868
1134,1135,1136
886,1583,1848
1378,1380,1381
1058,635,2159
839,837,841
733,732,734
695,696,697
1269,1270,1272
1049,1044,1050
1526,994,1696
1363,1364,2230
717,1711,1896
963,964,965
692,691,693
1519,1414,1531
773,772,774
1744,1232,2325
1580,1665,2093
1498,813,1500
1228,1232,2275
1000,1001,1002
2029,755,2290
1234,1236,1237
924,1503,2063
1831,883,2257
1531,1414,2269
1149,1150,1151
748,750,751
1111,1112,1124
2049,2130,2133
64,65,2489
1834,980,1957
977,768,2301
818,726,2148
1365,1368,1369
1307,1315,1485
1307,1309,1310
1176,1178,1179
932,1523,2340
861,1081,1083
1012,1017,1018
1254,1255,1257
2291,863,2388
846,841,847
1388,1751,2034
938,1500,1502
1257,1259,1260
1191,1197,1483
1204,1205,1206
1589,1104,2323
1204,1239,1711
1566,1730,2249
1527,1225,2300
1051,1050,1054
1085,2397,2414
1725,1390,1727
1327,1328,2293
1588,2092,2490
1191,1195,1196
903,904,2321
1870,1560,2443
1333,1340,1465
1032,1105,2052
1864,942,1984
1060,2090,2462
1070,627,2181
1471,1635,2403
2085,749,2383
1710,704,2051
2075,1652,2274
1,73,2199
2,82,2201
893,2137,2497
1778,1775,1779
662,1489,2305
73,74,1077
1293,1294,1296
937,1478,1488
1766,1216,2088
1485,1315,2080
1822,948,2449
1566,1267,2125
1171,1601,2431
1858,1463,2441
1222,1223,1224
82,83,1039
842,715,2267
1197,1762,2089
1494,1973,2395
1324,1325,1326
1039,1038,2281
1179,1180,1181
2172,1807,2442
698,696,2082
1102,863,2291
1459,1709,1843
1206,1207,1208
1465,1340,2360
925,1884,2446
1798,1705,2216
715,720,721
1761,1762,2263
1238,1188,2116
2162,771,2420
1352,1353,1354
1151,1152,1153
1002,1003,1004
591,1630,1644
751,757,758
1512,738,2354
1399,1825,1826
934,1125,2214
1716,1718,1822
885,699,2341
1136,1137,1138
1540,1541,2156
2097,908,2215
697,698,699
676,678,2485
1336,1326,1975
680,679,2485
1696,1528,2380
1560,1870,2244
1481,1272,1482
670,675,676
881,1499,1505
709,1795,2173
1079,1579,2150
1648,1742,2107
1071,850,2191
1656,984,2320
1446,1450,2386
2087,91,2233
1272,1273,1274
1181,1183,1184
1560,2059,2443
638,2130,2501
763,765,766
1364,1365,2230
1564,1802,2309
70,71,2124
1153,1155,1156
1163,1156,2425
934,2143,2467
1575,1576,1599
1477,1667,2165
1459,1367,1709
1354,1355,1356
1208,1209,1210
1511,954,2501
923,676,2455
1004,1005,1006
2108,909,2364
699,700,701
869,868,871
1064,797,2296
1288,2096,2415
1274,1275,1276
1167,2075,2274
1296,1297,1298
91,92,2233
1079,628,2241
1500,813,1501
1717,1833,2055
1573,1842,2182
1683,1519,2190
640,99,2169
1331,1332,2476
1843,1496,2478
2320,984,2321
1924,1313,2396
1466,1263,2118
1094,2053,2155
1424,1420,1425
1224,1227,1228
1463,1457,2197
1596,940,1602
1998,987,2107
655,2128,2368
2071,889,2126
1466,2118,2435
1450,1451,2386
1105,1082,1106
603,1997,2107
1587,1403,2146
1548,2113,2226
1210,1211,1212
571,1587,2151
1712,717,2381
1160,1173,1935
702,2223,2284
1076,712,2086
2295,810,2369
1006,1009,1010
870,1674,2055
1842,1573,2178
1825,1401,2146
1100,958,1966
891,877,892
1457,1911,2197
1471,1118,1585
1531,1530,1806
820,1076,2086
2258,2003,2259
1040,2157,2430
1051,1054,2407
1401,1396,1402
1298,1299,1300
1276,1278,1281
1710,861,2404
1560,1029,2059
879,2077,2113
1452,1646,2064
1624,1758,1817
1962,1961,2116
1816,1815,2299
1184,1185,1186
1771,1798,2216
1674,870,1790
721,722,723
1300,1302,1303
1700,1792,1837
1630,1376,1644
966,1574,1655
2094,909,2303
964,1994,2050
1045,1103,1104
925,2114,2268
2259,1013,2473
2192,2105,2247
572,1724,2170
1293,1556,1650
1679,1571,2198
92,629,2233
1717,1793,1833
676,677,678
639,90,2427
653,652,654
1289,1852,2096
1122,1242,1647
1074,666,2065
1439,1738,2178
777,776,778
775,774,776
1659,1252,2213
1138,1139,1140
779,778,780
928,1673,2106
2071,1304,2101
1118,1480,1585
882,1704,2270
1588,1855,2306
1080,1591,2140
1047,1063,1787
1557,1296,2158
766,767,768
1966,1620,2378
1488,842,2267
906,986,2130
1054,629,2254
2106,1662,2257
1865,2136,2418
905,2065,2066
759,1559,2376
1796,1146,2173
1497,1204,1711
1572,1917,2238
1221,1915,2307
656,654,657
726,727,728
1526,1696,2393
783,782,784
1476,2195,2213
1770,1818,1950
1418,1417,1419
1588,1373,2092
1089,795,2208
1167,1153,2075
1427,1425,1428
2223,1097,2284
1841,1436,2182
744,743,745
1404,1402,1405
1874,1876,2110
1541,1543,1544
658,657,659
1771,1773,1798
1528,2331,2380
1725,1727,2170
752,2127,2482
1500,1501,1502
1521,802,2174
704,1710,2404
2042,1106,2166
1504,881,1505
1070,850,1071
1660,1093,1854
738,739,2354
1059,1998,2090
1736,1177,1926
2087,639,2427
893,892,894
1495,1496,2322
1430,1428,1432
1855,1588,2490
1578,2044,2221
1550,1963,1964
1319,1570,1572
1301,1851,2093
2115,1941,2480
1532,1968,2272
1461,2020,2444
971,1086,1752
1579,1079,2241
1346,1495,2019
1292,1290,2179
1615,1249,1642
967,1552,2222
1375,1513,1630
704,684,1558
1831,880,2227
1266,1462,2123
1402,1396,2070
579,1685,1686
645,632,924
1434,1432,1435
613,1961,1962
1483,2089,2459
1480,1122,1647
1751,920,1925
787,788,789
1994,1995,2050
1580,1293,1650
801,1618,1841
797,804,805
1210,1216,2265
728,729,730
768,769,770
2036,937,2353
1118,1117,1121
1868,1468,2288
660,659,664
1156,1157,2426
895,894,896
860,1740,1920
1216,1241,2088
1222,1470,2091
1483,1197,2089
794,1646,2445
1495,1349,1496
2223,711,2291
2060,694,2061
785,784,786
1780,1769,2216
1648,990,1984
1089,2208,2417
1406,1405,1407
1285,1286,2298
1162,1934,1935
1618,801,1847
1544,1545,1546
1115,1114,1117
1202,1497,2099
1104,1103,2323
1469,1424,1506
1503,1078,2283
1559,330,2218
1436,1435,1437
851,1066,1067
1267,1524,2125
872,871,873
2013,2009,2014
2205,1455,2210
832,834,835
943,2074,2079
1414,1413,1415
1146,1166,2373
1062,1993,2258
983,900,2375
1448,1920,2111
742,916,2354
642,2201,2281
1122,1121,1125
1053,1909,2504
1099,1100,2057
2058,1245,2502
1024,1022,1025
925,1883,1884
1748,947,2187
1034,1964,1993
1553,1341,2262
1512,916,2138
1093,1660,1829
1541,1948,2488
1774,1775,1778
1520,1806,1812
635,1502,2103
1540,1451,1541
809,864,908
695,693,696
1826,1400,2030
2037,1218,2263
1821,948,2081
1473,1095,2155
946,1748,2160
629,1052,2233
1054,2084,2407
1705,1780,2216
926,1820,2081
703,698,2082
2201,1039,2281
1780,1706,1862
892,877,2095
1853,1249,2069
1476,1466,2437
2128,969,2368
1806,1410,1812
985,1656,1671
733,1095,2349
1394,1393,1395
1269,1481,2083
1562,1375,1630
627,1063,2489
972,1517,1579
2060,955,2082
1874,1875,1876
1166,1475,2458
1126,1125,1128
1177,1735,1927
1408,1407,1409
1099,958,1100
2051,704,2142
999,1786,1978
1408,1801,2160
1787,1071,2499
1029,1555,2059
2149,662,2305
759,1534,2471
2142,933,2143
958,915,960
1914,1215,2308
1628,880,2409
1735,1177,1736
684,687,1558
2013,624,2120
1704,878,2270
860,1739,1740
1739,1442,1740
665,664,669
1439,1437,1440
1583,886,2418
1016,1756,1979
1941,757,2189
973,1811,2299
1015,1756,2206
1328,1330,2476
1111,1110,1112
1529,919,2286
1000,1057,2319
816,2343,2369
953,703,955
1474,1238,2203
1420,1419,1456
1418,1423,2269
752,2094,2127
992,991,993
984,902,2321
990,965,991
1806,1520,2190
1726,920,1751
875,873,876
1265,1260,1266
1129,1128,1130
950,951,2282
1232,1510,2325
1346,1345,1347
2176,637,2222
1400,1826,1871
930,2095,2220
732,730,2122
2081,948,2456
1068,1777,2280
966,1655,2320
1525,1485,2457
820,2086,2392
1071,1072,2499
1590,618,2374
1739,860,1971
1344,1342,1345
1148,1554,2318
814,1461,2266
2077,879,2078
1958,1343,1989
1134,1146,2373
624,2013,2342
1088,795,1089
905,2066,2285
1247,1246,1248
713,1692,1835
921,1468,1868
1100,1966,2378
1341,1339,1342
1875,1874,1939
735,1745,1814
1219,1767,1953
1157,1159,2426
1317,1310,1318
739,740,741
1585,705,2333
1646,794,2064
2063,1503,2283
1920,1740,2111
1756,1016,2206
1109,1107,1110
684,686,687
1131,1130,1133
1376,1630,2428
2041,1775,2068
1752,1086,1941
1553,1757,1903
1765,1766,2088
1390,1389,1391
1027,1025,1028
908,864,2159
1334,1975,2293
1752,1054,2254
1563,1159,1803
898,896,899
1267,1266,1268
1198,1196,1199
1373,1369,1374
1250,1248,1251
2210,1455,2315
994,993,995
1442,1440,1443
999,1785,1786
1216,1766,2312
973,895,2304
1533,1559,2442
734,736,737
1388,1386,1389
1245,1237,1246
1077,641,2199
1134,1133,1135
1349,1347,1350
1321,1494,1569
1691,1027,2244
1513,1378,2007
1719,1717,2055
641,72,2199
642,81,2201
2048,936,2141
880,1628,2114
1486,1002,2498
1594,935,2252
847,849,856
1020,1018,1021
1491,1483,2459
158,157,577
394,393,571
512,511,575
276,275,573
1137,1135,2236
635,2103,2159
1373,1562,2092
1795,1796,2173
1330,1331,2476
2150,2149,2305
1466,2436,2437
1444,1443,1445
1507,1427,1508
1149,1493,2136
1860,1706,2335
1503,924,2124
1361,1356,1362
71,641,2124
755,2029,2109
2113,2077,2226
997,995,998
1423,1477,1530
1312,1313,2229
920,1726,1928
670,669,675
2208,808,2417
1604,571,2151
1332,1533,1807
1269,1268,1270
1200,1199,1201
1950,833,2332
1852,1291,2093
1319,1318,1320
1012,1010,1017
157,156,1592
687,688,689
2171,1460,2286
1052,639,2087
961,960,962
275,274,1593
1586,679,2246
1289,1283,1290
1414,1415,2269
1767,819,1953
1115,1471,2403
1029,1028,1031
1385,1381,1386
1957,1343,1958
715,701,720
763,758,765
746,745,747
1446,1445,1450
975,955,976
1291,1290,1292
301,300,598
183,182,596
419,418,597
537,536,595
134,133,594
488,487,593
370,369,591
252,251,592
1059,1060,2193
511,510,1594
393,392,1597
588,1669,2274
842,1488,2314
159,158,1598
1095,1490,2349
1086,637,2176
1252,1251,1253
1333,1331,1338
1032,1031,1081
1662,1830,2257
1762,1198,2263
1550,1019,2140
1106,1082,1107
1837,838,2311
1624,1817,2326
802,1521,2141
1189,1491,1492
898,1687,2304
2068,1772,2332
293,292,590
411,410,589
175,174,588
529,528,587
142,141,586
496,495,585
260,259,584
378,377,583
1890,985,1990
650,648,663
487,486,1621
2039,718,2221
1359,1582,1895
1673,928,2105
1524,1269,2083
736,732,2122
495,494,1661
410,409,1666
418,417,1633
1101,1586,2405
928,2257,2454
1174,1161,1175
2225,1006,2473
1582,2447,2448
1375,1374,1377
1810,667,2299
2161,979,2359
607,1708,1895
1378,1377,1380
748,747,750
520,519,1685
1785,999,2000
251,250,1613
1528,1535,2331
259,258,1658
1232,1228,1233
369,368,1629
402,401,1682
133,132,1612
285,284,582
403,402,581
167,166,580
521,520,579
1050,1044,1052
1202,1201,1203
2038,1200,2221
174,173,1669
160,159,1645
292,291,1665
471,470,1697
1363,1362,1364
1574,956,2005
1136,1135,1137
503,502,1715
166,165,1684
751,750,757
1087,1567,2370
1737,605,2178
300,299,1631
2078,831,2366
1149,1142,1150
182,181,1632
155,154,1789
2162,2161,2301
317,316,614
199,198,613
435,434,612
118,117,611
553,552,610
236,235,609
472,471,608
354,353,607
858,1838,2400
513,512,1602
141,140,1657
1760,1974,1975
377,376,1664
1516,945,2315
721,720,722
149,148,1714
1856,949,2449
395,394,1604
1490,755,2349
267,266,1722
277,276,1603
504,503,576
150,149,578
386,385,572
268,267,574
284,283,1680
309,308,606
427,426,605
191,190,604
126,125,602
545,544,603
480,479,601
244,243,600
362,361,599
584,1658,2195
1942,1187,2313
519,518,1788
273,272,1797
497,496,1672
119,118,1870
1403,1824,2146
353,352,1707
473,472,1885
161,160,710
1000,998,1001
355,354,1897
237,236,1899
536,535,1643
1700,1837,2311
1639,1638,1640
1211,1561,2109
1579,1517,2185
117,116,1690
2174,1433,2196
2195,1476,2437
970,1096,2388
235,234,1694
164,163,1832
479,478,2110
1463,2197,2441
569,568,626
220,219,625
456,455,624
338,337,623
1276,1285,2298
416,415,1823
900,899,901
125,124,1741
1854,1250,2297
1565,1281,2108
1952,1220,2334
400,399,1800
947,1713,2187
127,126,1901
1234,1233,1236
243,242,1743
819,1767,1977
245,244,1908
363,362,1912
1038,976,1040
486,485,1758
528,527,1671
396,395,1713
412,411,1653
463,462,1768
465,464,1862
361,360,1746
1176,1175,1178
347,346,1867
385,384,1724
481,480,1931
1254,1253,1255
489,488,1636
502,501,1793
325,324,622
443,442,621
207,206,620
561,560,619
110,109,618
464,463,617
228,227,616
346,345,615
828,1464,2188
1321,1320,1323
1257,1255,1259
2078,879,2362
397,396,947
1307,1303,1309
501,500,1833
701,715,2470
162,161,1750
2259,2003,2450
420,419,1616
1365,1364,1368
1290,1565,2179
1817,848,2326
147,146,1827
154,153,709
457,456,1938
253,252,1642
1204,1203,1205
229,228,1916
283,282,1802
1222,1214,1223
1455,1402,2070
345,344,1781
844,1563,1803
1352,1350,1353
111,110,1933
143,142,1668
163,162,708
227,226,1765
968,1098,2049
902,901,903
1007,1982,1983
221,220,1954
404,403,1678
517,516,1810
391,390,1824
415,414,803
607,1895,1897
780,781,782
257,256,1829
470,469,1792
676,675,677
261,260,1670
424,423,1840
1799,858,2400
1189,1186,1190
151,150,1729
265,264,1839
371,370,1644
272,271,753
2053,1094,2224
294,293,1649
176,175,1651
1475,1129,2458
135,134,1634
408,407,1805
339,338,1989
184,183,1610
398,397,1782
269,268,1730
493,492,1799
1034,1550,1964
1063,2169,2489
498,497,929
156,155,1145
1015,1486,2498
509,508,1819
1783,1148,2318
379,378,1675
462,461,1818
249,248,1849
963,962,964
168,167,1677
766,765,767
787,786,788
904,903,914
779,780,2079
153,152,1795
219,218,1753
758,763,2466
1191,1190,1195
2153,824,2493
522,521,1679
337,336,1757
1012,1034,2389
426,425,1842
367,366,1855
286,285,1676
1419,1417,2048
538,537,1619
399,398,946
281,280,1844
485,484,1817
302,301,1609
1095,1473,1490
955,703,2082
1639,1640,2400
290,289,1851
2010,2026,2139
1723,1265,2249
414,413,1804
505,504,1728
350,349,807
73,1077,2199
428,427,1737
1760,622,1974
172,171,1848
146,145,932
1151,1150,1152
499,498,1790
152,151,1147
271,270,1809
387,386,1731
316,315,1918
434,433,1921
1879,1880,1882
274,273,1271
494,493,1641
401,400,1411
1293,1292,1294
131,130,1859
795,1088,2145
1637,1638,1639
1120,2142,2143
500,499,870
1249,1615,2069
82,1039,2201
409,408,1422
1341,1958,2262
413,412,1426
697,696,698
375,374,1919
530,529,1654
190,189,1927
1514,913,2217
1888,982,2198
298,297,1923
1272,1270,1273
1556,1557,2292
310,309,1732
436,435,1693
188,187,1926
1423,1530,1531
318,317,1688
314,313,1917
1324,1323,1325
1756,1015,2251
1312,1532,2272
270,269,1277
383,382,1928
423,422,801
2010,2015,2026
518,517,668
405,404,1520
949,1728,2449
232,231,756
198,197,1961
240,239,735
312,311,1904
1054,1752,2084
514,513,940
264,263,917
417,416,1429
1489,1079,2305
440,439,1945
510,509,935
392,391,1403
148,147,1132
1002,1001,1003
390,389,944
258,257,1258
336,335,1903
438,437,1893
726,723,727
1082,1081,1169
1489,663,2283
145,144,1846
256,255,1093
570,569,1754
1114,1113,2051
516,515,667
192,191,1733
139,138,1913
552,551,1985
180,179,1934
165,164,1158
554,553,1695
444,443,1763
699,698,700
430,429,1971
560,559,1946
1232,1744,2275
442,441,1947
114,113,713
122,121,685
562,561,1764
308,307,1970
515,514,1816
1724,1725,2170
558,557,1944
1687,1686,2277
200,199,1689
490,489,1623
468,467,838
425,424,1438
704,1558,2142
266,265,1264
1344,1957,1958
248,247,1091
1206,1205,1207
1459,1843,2478
544,543,1997
422,421,1847
663,2063,2283
351,350,1794
282,281,911
144,143,1127
568,567,1979
349,348,2164
1533,1465,2376
106,105,1963
546,545,1742
469,468,1837
432,431,1920
320,319,1949
2072,1385,2327
421,420,1431
324,323,1976
366,365,830
255,254,1853
902,984,2375
173,172,1168
1997,1998,2107
526,525,1990
250,249,1244
645,924,2063
278,277,1287
291,290,1301
852,2004,2005
206,205,1987
263,262,1866
254,253,1249
326,325,1759
406,405,1812
368,367,1379
1229,818,2148
556,555,1936
239,238,1898
1179,1178,1180
1800,946,2160
506,505,949
467,466,1860
241,240,1814
389,388,1871
466,465,1706
358,357,922
132,131,1123
429,428,1441
233,232,1813
196,195,1960
1558,933,2142
508,507,874
322,321,1972
121,120,1869
194,193,1959
123,122,1836
231,230,1914
169,168,1154
1877,1085,2040
289,288,823
1237,1236,2053
208,207,1761
115,114,1835
262,261,1256
306,305,1969
103,102,1992
297,296,822
348,347,1351
204,203,1986
280,279,910
2049,862,2239
542,541,1996
1537,1144,1575
507,506,1856
1438,1840,2182
279,278,1850
374,373,829
478,477,1874
491,490,1838
247,246,1906
564,563,2000
1509,921,1808
120,119,1030
1360,1895,2448
388,387,1400
534,533,1981
124,123,1033
680,678,1102
474,473,1699
1460,2171,2211
407,406,1410
113,112,1932
523,522,982
187,186,719
100,4,2002
295,294,1295
352,351,1370
1208,1207,1209
356,355,1360
202,201,1951
177,176,1164
439,438,812
238,237,1225
365,364,1910
218,217,1896
128,127,1108
357,356,1894
1096,2291,2388
242,241,1231
287,286,1284
953,955,975
116,115,1026
313,312,764
288,287,1902
296,295,1891
382,381,920
1974,622,1976
246,245,1235
171,170,886
170,169,1865
234,233,1226
1458,979,2045
364,363,1372
359,358,1857
678,677,863
492,491,858
140,139,1119
1153,1152,1155
1224,1223,1227
525,524,897
130,129,706
566,565,1978
230,229,1215
102,101,2001
550,549,1982
315,314,1329
360,359,1366
452,451,2015
524,523,1888
433,432,1448
376,375,1384
373,372,1922
129,128,1900
1348,2046,2250
1461,814,2020
1188,1492,1962
372,371,1376
1018,1017,1749
461,460,1950
299,298,1314
189,188,1177
380,379,1387
482,481,1881
548,547,1999
344,343,1357
112,111,1035
384,383,1397
181,180,1162
477,476,1939
381,380,1925
821,2071,2101
557,556,825
1851,1852,2093
475,474,1872
226,225,1217
458,457,1776
1140,1577,1863
1895,1360,1897
178,177,1892
186,185,1942
328,327,2016
1354,1353,1355
311,310,1316
446,445,2022
476,475,840
992,1526,1983
136,135,1116
1556,1296,1557
179,178,845
1879,1882,2477
185,184,1187
484,483,848
445,444,1549
1022,1021,1075
483,482,1929
1004,1003,1005
1882,1930,2440
454,453,2008
559,558,1073
441,440,1542
2353,725,2361
321,320,815
716,2099,2202
460,459,833
563,562,1056
541,540,853
459,458,1937
138,137,705
343,342,1956
4,570,1014
222,221,1220
203,202,855
437,436,1447
137,136,1940
319,318,1322
1311,2179,2180
1260,1259,1462
1274,1273,1275
1581,1222,2091
342,341,980
305,304,827
195,194,843
533,532,852
1296,1294,1297
2076,2012,2077
197,196,1194
335,334,760
225,224,1977
107,106,672
1575,1144,1576
193,192,1182
948,1822,2456
540,539,1965
539,538,1061
728,727,729
1905,1317,2238
768,767,769
1181,1180,1183
1370,1709,2358
303,302,1306
223,222,1952
1538,1446,1539
1210,1209,1211
307,306,1308
304,303,1968
431,430,860
323,322,1337
2103,1501,2215
341,340,1988
567,566,1016
224,223,819
105,104,1991
1006,1005,1009
535,534,959
1138,1137,1139
772,770,808
551,550,1007
1957,980,1988
205,204,1192
340,339,1343
976,955,2060
2224,1094,2243
1326,1325,1327
555,554,996
1339,1338,1458
104,103,671
527,526,985
327,326,1335
543,542,989
807,1709,1794
1097,2157,2284
532,531,2004
1381,1380,1460
797,793,804
549,548,942
804,2097,2215
643,938,2098
798,2025,2139
1606,1858,2438
1634,594,2356
565,564,999
547,546,988
930,892,2095
1310,1309,1607
332,331,759
811,805,813
864,850,1070
201,200,1193
101,100,673
531,530,957
210,209,2037
888,1504,1505
672,2140,2167
1343,1957,1988
1727,1453,2170
915,914,1066
209,208,1218
453,452,799
1276,1275,1278
1770,1950,2332
2043,1065,2237
1528,997,1535
455,454,2120
449,448,2028
329,328,761
730,729,862
1369,1368,1464
765,758,2115
1156,1155,1157
1535,2329,2331
952,703,953
1637,1627,1638
1769,1771,2216
573,1593,2054
1169,861,1710
2176,1552,2240
700,703,952
1328,1327,1330
1980,1048,2062
1487,1406,2187
678,680,2485
1141,1171,2431
451,450,2026
1196,1195,2035
791,781,1088
1184,1183,1185
743,741,749
720,701,2132
1854,1853,2069
1298,1297,1299
1709,1370,1794
213,212,2044
926,2081,2497
1135,1165,2236
1390,1391,1727
975,976,1038
1452,1416,1646
108,107,2167
654,652,662
739,737,740
983,1889,2198
217,216,717
447,446,800
1404,1487,2151
212,211,2039
678,863,1102
2025,798,2028
861,1083,2177
1337,1974,1976
1876,1878,1879
754,2084,2189
2166,1109,2461
659,657,661
450,449,798
1523,1170,2340
1300,1299,1302
2143,933,2467
619,1946,2006
1415,1416,1417
770,769,1551
448,447,2023
2032,1124,2356
974,1229,2148
764,1904,2238
611,1690,2244
1747,713,1932
1159,1157,1803
1554,1149,2136
833,2068,2332
693,691,694
1955,1240,2334
1884,2117,2446
828,1808,2465
786,784,790
1622,1627,2363
1065,2175,2391
990,1864,1984
1165,2235,2236
1502,635,2098
1140,1139,1577
876,913,927
1740,1444,2111
2013,1779,2342
2019,1495,2464
211,210,718
1356,1355,1467
1212,1211,2109
1622,1625,1627
1035,1747,1932
1305,1525,1532
2009,2011,2014
687,686,688
1706,1780,2335
1395,1516,2070
847,841,849
684,682,686
1915,1914,2308
737,736,1589
1396,1395,2070
1530,1477,2165
1535,2319,2329
2038,2037,2263
2257,883,2454
952,953,954
965,964,2256
1033,1836,2052
1861,1860,2335
964,2050,2256
835,834,881
789,788,809
734,732,736
1395,1398,1516
887,1584,2494
1228,1227,1473
1456,1419,1521
1779,2013,2014
1298,1313,2158
1541,1451,1543
832,817,834
214,213,716
1021,1018,1749
1611,1174,2313
837,835,1504
1078,1489,2283
1698,1703,2433
1306,1609,2272
2158,1924,2382
1143,1576,2310
1497,1712,2099
1595,1594,2252
2008,2013,2120
1578,1202,2099
1357,1956,2019
780,778,781
2012,2010,2139
1886,1703,1887
1010,1009,1101
1964,671,1993
1646,1416,2056
1718,1717,1719
700,698,703
1409,1412,1413
750,747,754
929,1673,1674
1034,1062,2389
2343,859,2369
1457,1463,2230
1662,1641,1663
1348,2045,2046
1882,1880,1883
574,1722,2249
1454,2295,2423
2319,1057,2329
1659,1258,1660
2045,979,2161
1820,874,1821
833,1937,2068
948,1821,2449
2061,694,2119
868,866,969
809,788,850
689,688,702
806,1868,2288
1331,1330,1472
1496,1349,2478
1163,1605,2134
831,2078,2362
1182,1733,2344
1623,1637,1639
1825,944,1826
1102,711,2144
2080,1315,2469
1933,1590,2371
1598,1599,1600
1544,1543,1545
1691,1026,1692
1582,1606,2447
1487,1604,2151
600,1743,2325
1569,1494,2395
1744,1231,1745
1698,1701,1703
1625,1624,1626
2008,2009,2013
688,686,711
1303,1302,1479
617,1769,1780
1431,1617,1618
1051,2085,2383
215,214,2202
1262,2224,2243
840,1873,1875
2011,2012,2076
1725,1397,1726
576,1716,1721
575,1595,1596
856,849,865
981,1686,1687
2020,978,2444
641,1503,2124
1716,1715,1717
2101,1311,2180
2219,653,2472
877,876,2095
2011,2010,2012
978,2359,2444
1283,1281,1565
809,850,864
2157,1042,2284
919,1529,2384
1771,1770,1772
776,774,795
1586,712,2405
1701,1700,1702
1112,1113,1114
1161,1159,1563
1501,813,2338
1254,1476,2213
1186,1185,1478
1011,1062,2259
1011,2259,2473
334,333,2207
1441,1738,1739
727,723,2129
1334,2293,2475
857,2372,2446
1843,807,2164
1769,1768,1770
1391,1392,1393
592,1614,1615
1766,1217,1767
1984,942,1999
865,849,888
648,645,2063
2023,2024,2025
988,1984,1999
1834,1346,2019
1622,1621,1624
723,722,2129
1035,1933,2371
1698,1697,1700
1662,1663,1830
2278,1172,2351
1221,1581,2163
835,881,1504
876,927,2095
1109,2102,2460
1745,1231,1814
2373,1166,2458
791,1088,1980
1551,769,1552
1713,1487,2187
758,757,2115
1614,1247,1615
2161,977,2301
1773,1772,1774
1995,851,2491
891,2081,2456
2009,799,2010
109,108,2255
897,1889,1890
840,1875,1939
1120,2143,2204
1896,1711,2484
1340,2112,2360
1344,1834,1957
1056,1784,1785
782,781,791
677,675,1053
1821,874,1856
1351,1843,2164
1692,1026,1835
1598,1600,1645
669,664,674
838,1861,2311
1652,588,2274
941,2017,2050
767,765,907
1431,1618,1847
1286,1274,2298
729,727,906
1250,1854,2069
330,329,2218
1755,626,1756
1734,604,1735
921,1868,2503
1735,604,1927
592,1615,1642
830,1910,2306
1239,1955,2483
1474,1181,2479
929,1674,1790
1060,1620,1966
1088,781,2145
1300,1312,2229
575,1596,1602
808,770,1551
2095,927,2220
1502,1501,2103
1826,944,1871
912,1565,2108
1811,1810,2299
576,1721,1728
158,577,1598
1113,1710,2051
617,1780,1862
1717,1715,1793
1463,1858,2324
927,913,1514
1214,1212,2029
2006,1055,2413
1142,1140,1863
1824,1825,2146
1726,1397,1928
1063,640,2169
577,157,1592
2023,2025,2028
1069,2076,2078
1660,1258,1829
1604,1487,1713
883,1831,2227
1623,1639,1838
771,2162,2301
1655,587,1656
740,737,1589
904,966,2321
573,275,1593
1767,1217,1977
701,700,2132
789,809,2097
90,3,2427
3,91,2427
2010,799,2015
575,511,1594
571,393,1597
718,2038,2221
722,724,986
1863,1577,2351
2237,1065,2398
2281,1040,2430
805,804,2338
1425,1420,1456
986,724,1511
1432,1428,1433
1770,1768,1818
1943,1942,2313
813,1498,2135
1663,1641,1799
911,1844,2309
897,1890,1990
1515,631,2067
702,2061,2119
1075,1021,1076
1582,1361,1606
1756,626,1979
848,1930,2326
876,873,913
1700,1697,1792
512,575,1602
1056,1785,2000
1585,1480,2289
1027,1560,2244
1911,1371,2306
650,663,2194
1586,1101,2273
1441,1739,1971
1879,1878,1880
394,571,1604
1656,587,1671
276,573,1603
1521,1419,2048
961,1060,1966
1624,1621,1758
1658,1659,2195
1467,1355,1468
908,2103,2215
1462,1259,1967
1405,1402,1455
881,834,1498
1994,851,1995
1444,1538,2111
1876,1877,1878
1953,1952,2334
1681,1288,2416
1738,1737,2178
1415,1413,1416
722,720,724
2050,1037,2256
2067,1089,2417
159,1598,1645
593,487,1621
2086,681,2392
927,2219,2220
2040,1085,2414
1499,1498,1500
1281,1278,2108
1801,1800,2160
597,418,1633
2130,638,2133
592,251,1613
881,1498,1499
2099,1712,2202
2143,934,2214
591,369,1629
1840,1841,2182
585,495,1661
594,133,1612
589,410,1666
1470,1527,2300
2055,1674,2192
865,888,951
1964,1963,1991
938,1502,2098
894,892,930
1473,1227,1490
618,2255,2374
671,1964,1991
1241,1213,2307
584,259,1658
1561,755,2109
598,300,1631
596,182,1632
496,585,1672
488,593,1636
741,740,2429
1242,1523,2245
588,174,1669
1066,914,1067
590,292,1665
1135,1133,1165
1606,1361,2324
419,597,1616
1607,1309,2021
2007,1383,2505
252,592,1642
1889,1888,2198
1413,1412,2056
2082,696,2495
1265,1566,2249
411,589,1653
1705,1861,2335
1417,1452,2048
1409,1407,1412
586,141,1657
583,377,1664
595,536,1643
690,933,2411
370,591,1644
579,520,1685
1605,1160,1935
2035,1195,2036
1285,1564,2309
1417,1416,1452
142,586,1668
1120,1114,2051
134,594,1634
581,402,1682
1130,1128,1791
183,596,1610
663,648,2063
1437,1435,2043
710,160,1645
871,868,2128
1055,1784,2413
260,584,1670
293,590,1649
175,588,1651
1015,2225,2251
580,166,1684
1353,1350,1358
537,595,1619
301,598,1609
1702,1700,2311
156,1145,1592
1995,941,2050
1395,1393,1398
587,528,1671
1266,1260,1462
1025,1022,1075
907,2176,2240
378,583,1675
1521,2048,2141
608,471,1697
1504,888,2152
1529,828,2465
1278,1275,1279
914,903,2285
1626,1624,2326
907,765,2115
2147,1433,2174
1553,1903,2112
582,284,1680
880,2114,2500
1223,1214,2029
403,581,1678
1540,1539,2386
1534,759,2376
395,1604,1713
1219,1208,2265
576,503,1715
1786,1015,2206
1117,1114,1120
2171,1392,2211
529,587,1654
274,1271,1593
1509,1808,2188
118,611,1870
2040,1084,2117
167,580,1677
607,353,1707
472,608,1885
711,1102,2291
578,149,1714
354,607,1897
236,609,1899
611,117,1690
1621,486,1758
1808,921,2503
609,235,1694
521,579,1679
161,710,1750
285,582,1676
1674,1673,2105
574,267,1722
1838,1639,2400
1251,1248,1262
1334,1807,2172
1685,519,1788
2073,1392,2171
661,2149,2150
1081,1031,1083
1584,695,2494
947,396,1713
1246,1237,2053
1017,1010,1101
150,578,1729
1107,1082,1169
601,479,2110
154,709,1789
602,125,1741
1347,1345,1348
2084,1941,2189
2103,908,2159
1259,1255,1261
126,602,1901
1146,1537,2173
2388,863,2504
600,243,1743
244,600,1908
268,574,1730
362,599,1912
1340,1553,2112
599,361,1746
510,935,1594
392,1403,1597
929,497,1672
1200,1578,2221
572,385,1724
1772,1770,2332
2083,1481,2287
480,601,1931
708,162,1750
1199,1196,2035
614,316,1918
612,434,1921
605,426,1842
1663,1799,2400
216,215,2381
494,1641,1661
1983,1526,2393
1184,1238,2479
1380,1377,1382
504,576,1728
1391,1389,1392
1362,1356,1467
409,1422,1666
1368,1364,1509
427,605,1737
1876,1875,1877
1145,155,1789
2117,1084,2446
1785,1486,1786
1065,2147,2175
435,612,1693
317,614,1688
1715,502,1793
386,572,1731
456,624,1938
397,947,1782
617,463,1768
464,617,1862
1627,1637,2363
1386,1381,1460
1290,1283,1565
613,198,1961
163,708,1832
1318,1310,1607
1559,1533,2376
401,1411,1682
346,615,1867
899,896,1074
940,513,1602
272,753,1797
220,625,1954
1313,1298,2229
1627,1625,1628
1233,1228,1473
1443,1440,1449
1535,997,2319
1150,1142,1863
604,190,1927
1374,1369,1464
417,1429,1633
1718,1719,1720
1453,2030,2170
1155,1152,1172
709,153,1795
2140,1591,2167
610,552,1985
415,803,1823
553,610,1695
309,606,1732
1157,1155,2279
680,1102,2144
228,616,1916
1663,1640,1830
1697,470,1792
1450,1445,1454
615,345,1781
1478,1185,1488
110,618,1933
616,227,1765
199,613,1689
1273,1270,1280
1548,1546,2113
1317,1572,2238
338,623,1989
258,1258,1658
1175,1161,1563
1426,412,1653
1112,1110,1113
191,604,1733
1557,2158,2382
1203,1201,1568
2081,891,2497
1680,283,1802
1342,1339,1458
2276,885,2341
1821,1856,2449
606,308,1970
625,219,1753
623,337,1757
803,414,1804
569,626,1754
603,544,1997
2397,2031,2422
399,946,1800
903,901,905
730,862,2122
545,603,1742
946,398,1782
1271,273,1797
1609,2027,2272
165,1158,1684
250,1244,1613
1297,1294,1311
1287,277,1603
1147,151,1729
784,782,2121
753,271,1809
1793,501,1833
626,568,1979
1393,1392,2073
2076,2077,2078
368,1379,1629
1883,1880,1884
1978,1786,2206
148,1132,1714
1622,1624,1625
689,702,2119
443,621,1763
173,1168,1669
1411,400,1800
619,560,1946
621,442,1947
498,929,1790
2147,2174,2175
291,1301,1665
561,619,1764
1769,1770,1771
132,1123,1612
518,668,1788
1623,489,1636
998,995,1008
1520,404,1678
2046,2045,2161
1904,1905,2238
981,1571,1686
1302,1299,1304
1084,2040,2414
152,1147,1795
916,1512,2354
1716,1717,1718
1005,1003,1036
146,932,1827
2180,912,2364
960,915,1066
622,324,1976
1209,1207,1229
1180,1178,1536
266,1264,1722
1277,269,1730
500,870,1833
1323,1320,1484
1429,416,1823
620,206,1987
1431,420,1616
793,789,2097
1338,1331,1472
325,622,1759
1768,462,1818
1127,143,1668
1158,164,1832
1309,1303,1479
413,1426,1804
2227,880,2500
1249,253,1642
1647,1242,2245
207,620,1761
724,720,2132
870,499,1790
2225,1015,2498
1758,485,1817
1771,1772,1773
1635,1634,2356
624,455,2120
1132,147,1827
927,1514,2219
882,2397,2422
1169,1710,2209
691,689,2119
270,1277,1809
1464,1368,2188
1641,493,1799
811,813,2135
700,952,2132
668,517,1810
140,1119,1657
1048,2067,2434
1422,408,1805
423,801,1840
1495,2322,2463
299,1314,1631
1728,1721,2449
425,1438,1842
1390,1726,1751
1371,1588,2306
181,1162,1632
1256,261,1670
1403,391,1824
932,145,1846
1690,1691,2244
993,991,1037
390,944,1824
1030,119,1870
376,1384,1664
1258,257,1829
516,667,1810
1699,473,1885
256,1093,1829
264,917,1839
964,962,1994
1650,1556,2421
352,1370,1707
1706,465,1862
282,911,1802
1330,1327,1461
1360,355,1897
478,1874,2110
1225,237,1899
350,807,1794
1436,1573,2182
124,1033,1741
807,349,2164
1295,294,1649
1164,176,1651
116,1026,1690
1154,168,1677
1698,1700,1701
935,509,1819
1454,2294,2295
1438,424,1840
1351,347,1867
234,1226,1694
1108,127,1901
1773,1774,1777
1190,1186,1478
1703,1886,2433
242,1231,1743
1264,265,1839
2017,2018,2336
1792,469,1837
949,505,1728
1235,245,1908
1573,1439,2178
1372,363,1912
1441,428,1737
1422,1805,2165
1376,371,1644
982,522,1679
514,940,1816
1507,1506,2379
2009,2010,2011
801,422,1847
1887,1703,2031
248,1091,1849
1079,2150,2305
1284,286,1676
360,1366,1746
1108,1901,2166
1449,2237,2398
1845,1285,2309
667,515,1816
1387,379,1675
1752,1941,2084
1400,387,1731
1881,481,1931
384,1397,1724
1244,249,1849
911,281,1844
144,1127,1846
906,727,2129
1116,135,1634
333,332,2471
1215,229,1916
405,1520,1812
1076,1021,1749
366,830,1855
1187,184,1610
508,874,1819
735,239,1898
917,263,1866
240,735,1814
1093,255,1853
2154,1008,2336
232,756,1813
1858,1606,2324
1379,367,1855
344,1357,1781
756,231,1914
1776,457,1938
1035,111,1933
1301,290,1851
944,389,1871
407,1410,1805
468,838,1837
315,1329,1918
433,1448,1921
226,1217,1765
1168,172,1848
1060,961,2193
1864,992,1983
421,1431,1847
1686,1685,2277
1878,1877,2040
289,823,1851
280,910,1844
685,121,1869
122,685,1836
1722,1723,2249
838,467,1860
1757,336,1903
492,858,1799
114,713,1835
2176,907,2480
1512,2138,2232
189,1177,1927
254,1249,1853
1123,131,1859
972,1579,2241
713,113,1932
1733,1734,2344
535,959,1643
490,1623,1838
1747,1035,2371
1818,461,1950
1598,577,1599
1091,247,1906
348,1351,2164
1220,221,1954
1316,310,1732
466,1706,1860
1370,351,1794
1061,538,1619
171,886,1848
262,1256,1866
297,822,1923
1974,1336,1975
278,1287,1850
861,2177,2404
374,829,1919
527,985,1671
830,365,1910
506,949,1856
1410,406,1812
388,1400,1871
856,865,2432
874,507,1856
1306,302,1609
888,849,2152
187,719,1926
130,706,1859
238,1225,1898
120,1030,1869
1447,436,1693
1033,123,1836
2061,702,2284
1231,241,1814
1322,318,1688
922,357,1894
910,279,1850
429,1441,1971
484,848,1817
313,764,1917
1549,444,1763
382,920,1928
1226,233,1813
358,922,1857
823,288,1902
1384,375,1919
1753,218,1896
439,812,1945
169,1154,1865
764,312,1904
1026,115,1835
1291,1580,2093
559,1073,1946
441,1542,1947
1329,314,1917
822,296,1891
812,438,1893
1014,570,1754
1314,298,1923
1577,887,2351
1056,562,1764
246,1235,1906
230,1215,1914
356,1360,1894
1177,188,1926
1101,1009,2273
1710,1113,2209
197,1194,1961
858,491,1838
295,1295,1891
1397,383,1928
287,1284,1902
1119,139,1913
364,1372,1910
654,662,2149
829,373,1922
886,170,1865
523,982,1888
1343,339,1989
1182,192,1733
1874,477,1939
722,986,2129
1779,2041,2342
311,1316,1904
128,1108,1900
1045,1104,2302
112,1035,1932
1162,180,1934
474,1699,1872
1608,1286,2408
1366,359,1857
1238,1474,2479
719,186,1942
177,1164,1892
897,524,1888
920,381,1925
557,825,1944
575,1594,1595
1239,2483,2484
1460,1380,2286
706,129,1900
1520,1678,2190
711,686,2144
657,654,2149
307,1308,1970
957,530,1654
179,845,1934
1448,432,1920
1542,440,1945
525,897,1990
551,1007,1985
372,1376,1922
854,2035,2036
996,554,1695
2157,1041,2430
682,680,2144
618,109,2255
380,1387,1925
2018,824,2336
437,1447,1893
138,705,1913
567,1016,1979
1073,558,1944
1226,1813,2163
1474,2203,2344
323,1337,1976
825,556,1936
1774,1778,2280
543,989,1997
476,840,1939
840,475,1872
1743,1744,2325
454,2008,2120
335,760,1903
482,1881,1929
1193,200,1689
205,1192,1987
845,178,1892
815,320,1949
460,833,1950
185,1187,1942
1047,1787,2499
1335,326,1759
988,546,1742
319,1322,1949
1357,343,1956
1458,2045,2260
778,776,2145
2046,2161,2162
929,1672,1673
458,1776,1937
664,659,2184
1958,1989,2262
848,483,1929
937,1488,2267
321,815,1972
860,430,1971
1085,1887,2031
672,106,1963
1245,2339,2502
136,1116,1940
772,808,2208
541,853,1996
563,1056,2000
203,855,1986
1217,225,1977
817,811,2135
833,459,1937
593,1621,1622
589,1666,1667
1910,1911,2306
195,843,1960
843,194,1959
804,2215,2338
1363,1463,2324
305,827,1969
431,860,1920
1194,196,1960
4,1014,2002
705,137,1940
1963,105,1991
855,202,1951
193,1182,1959
1218,208,1761
342,980,1956
1992,102,2001
533,852,1981
1062,2258,2259
2397,846,2414
1052,2087,2233
1729,578,2033
1941,1086,2480
1661,1641,1662
985,526,1990
853,540,1965
581,1682,1683
963,1059,2193
1337,322,1972
555,996,1936
1308,306,1969
445,1549,2022
1365,1457,2230
2174,802,2175
2074,779,2079
1571,983,2198
1587,1404,2151
708,1750,2183
674,2184,2185
2084,754,2407
222,1220,1952
1192,204,1986
844,2276,2346
671,103,1992
2113,1546,2330
959,534,1981
989,542,1996
642,2281,2430
827,304,1968
539,1061,1965
2017,941,2018
980,341,1988
661,657,2149
782,791,2121
999,564,2000
1016,566,1978
1830,1640,1831
224,819,1977
1795,1147,1796
1844,1845,2309
107,672,2167
1007,550,1982
201,1193,1951
821,2101,2180
673,100,2002
303,1306,1968
852,532,2004
1423,1531,2269
453,799,2008
819,223,1952
549,942,1982
1620,1060,2462
565,999,1978
826,1607,2021
903,905,2285
670,2153,2493
1658,1258,1659
1062,1011,2389
942,548,1999
878,1777,2424
327,1335,2016
340,1343,1988
101,673,2001
1809,1277,2125
1651,588,1652
547,988,1999
1601,1143,2431
104,671,1991
2045,1348,2260
1623,1636,1637
987,1648,2107
799,452,2015
576,1715,1716
850,788,2191
1188,1962,2116
1127,1668,2245
608,1697,1698
1596,1595,2137
592,1613,1614
1967,1261,2138
1411,1800,1801
826,2271,2348
761,328,2016
2029,1212,2109
1287,1603,1608
531,957,2004
1833,870,2055
659,661,2184
939,1596,2137
1684,1158,1783
1649,590,1650
2015,451,2026
617,1768,1769
1132,1827,1828
2131,969,2432
1822,890,2456
217,717,1896
1259,1261,1967
804,793,2097
841,837,2152
1839,917,2118
1711,1239,2484
1912,599,2197
602,1741,2042
790,784,2121
1722,1264,1723
1824,944,1825
1609,598,2027
1709,1367,2358
1612,1123,2032
1093,1853,1854
582,1680,1681
971,1752,2254
1431,1616,1617
800,446,2022
607,1707,1708
1808,775,2465
1610,596,1611
1819,874,1820
1038,1040,2281
1840,801,1841
1416,1413,2056
1732,606,2080
209,1218,2037
652,650,2194
1629,1379,2092
2235,707,2236
1401,1587,2146
1441,1737,1738
838,1860,1861
668,1810,1811
1387,1675,2034
1552,769,2240
843,1959,2203
1754,626,1755
1690,1026,1691
1400,1731,2030
933,1558,2411
1664,1384,2072
1493,1583,2418
760,334,2207
1849,1091,2058
1869,1030,2059
108,2167,2255
1116,1634,1635
1844,910,1845
2094,744,2399
1654,587,1655
1565,912,2179
1763,621,2104
1906,1235,1907
1859,706,2102
1724,1397,1725
1851,823,1852
1630,1513,2428
694,691,2119
1902,1284,2096
1743,1231,1744
756,1914,1915
1892,1164,2134
848,1929,1930
868,969,2128
1699,1885,1886
1910,1372,1911
660,1995,2491
837,1504,2152
450,798,2026
1776,1938,2041
1947,1542,1948
798,449,2028
719,1942,1943
712,1749,2405
1366,1857,1858
1529,777,2384
1765,1217,1766
1733,604,1734
840,1872,1873
448,2023,2028
1314,1923,1924
1170,1828,2340
1061,1619,1620
1954,625,1955
447,800,2023
1759,622,1760
1945,812,2156
2455,676,2485
1695,610,1696
212,2039,2044
329,761,2218
897,1888,1889
1534,1465,2360
821,2180,2364
1056,1764,1784
718,210,2037
1904,1316,1905
1451,1450,2451
2264,887,2494
1761,620,1762
1309,1479,2021
1121,1117,2204
866,856,2432
1880,1878,2117
211,718,2039
1997,989,1998
819,1952,1953
1660,1854,2297
781,778,2145
2027,1312,2272
1643,959,2057
1407,1405,2205
2195,1659,2213
774,772,2208
775,1808,2503
686,682,2144
1368,1509,2188
1406,1748,2187
1657,1119,2289
2002,1014,2003
754,2085,2407
776,795,2145
1987,1192,2089
2022,1549,2100
1755,1756,2251
2008,799,2009
693,694,2495
2265,1216,2312
1903,760,2112
1972,815,1973
1428,1425,2196
1480,1647,2289
671,1992,1993
2168,2073,2171
1398,2073,2074
2292,1557,2492
1435,1432,2212
1380,1382,2286
2067,631,2434
332,759,2471
1996,853,2090
969,2131,2368
2177,820,2392
1181,1474,2345
1255,1253,2231
1748,1408,2160
1479,1302,2126
1219,2265,2312
873,871,2350
844,1803,2276
716,213,2044
1909,2388,2504
662,652,2194
1481,2054,2287
2016,1335,2172
1515,2067,2417
1498,834,2135
750,754,2189
1463,1363,2230
1471,1585,2333
813,805,2338
2023,800,2024
1225,1899,2300
1110,1107,2209
2293,1328,2475
2026,798,2139
1007,1983,2393
214,716,2202
717,216,2381
1907,1243,2453
1352,1459,2478
1640,1663,2400
1567,630,2370
1125,1121,2214
675,669,2200
718,2037,2038
849,841,2152
896,894,2228
757,750,2189
1207,1205,2253
1868,773,2503
834,817,2135
786,790,2191
2062,1048,2474
1398,1393,2073
1065,2043,2147
674,664,2184
1808,828,2188
1185,1183,2314
1053,675,2200
945,2210,2315
1895,1582,2448
1327,1325,2266
1755,2251,2450
1909,970,2388
1546,1545,2330
2001,673,2258
1513,2007,2428
865,2131,2432
2025,2024,2226
1490,1227,2290
215,2202,2381
788,786,2191
2357,751,2466
1072,2062,2499
2341,699,2470
1891,1295,2292
1389,1386,2211
2207,333,2471
1815,973,2299
1080,1590,2374
2091,1470,2300
1248,1246,2224
1455,2070,2315
1133,1130,2234
1720,1719,2247
740,2323,2429
2242,1262,2243
889,2071,2452
1440,1437,2237
1767,1219,2312
969,866,2432
2074,2073,2168
1261,2231,2232
2024,1548,2226
977,2161,2359
1472,1330,2444
2255,1591,2374
826,2021,2271
1474,2344,2345
1884,1880,2117
1745,1230,2275
2036,1195,2317
2005,2004,2401
2086,712,2246
887,2278,2351
1488,1185,2314
749,741,2429
688,711,2223
705,1940,2333
1777,1774,2280
1545,1543,2412
2225,1013,2251
991,965,2256
919,2171,2286
779,2074,2168
1350,1347,2250
1674,2105,2192
2175,802,2261
1744,1745,2275
1345,1342,2260
968,2049,2133
1867,615,2322
1016,1978,2206
573,2054,2337
702,688,2223
2307,1915,2308
2278,885,2279
2232,2231,2242
2357,889,2452
1100,2378,2406
1313,1924,2158
1427,1507,2379
810,2295,2296
1482,1608,2337
1558,687,2411
1008,2017,2336
1590,1023,2371
795,774,2208
669,674,2200
2054,1593,2287
2344,1734,2345
862,729,2239
1432,1433,2212
913,873,2350
1989,623,2262
1749,1017,2405
1047,2062,2474
1131,2373,2458
619,2006,2413
769,767,2240
2271,2328,2357
2138,1261,2232
1625,1626,2268
1766,1767,2312
1425,1456,2196
2175,796,2391
1302,1304,2126
863,677,2504
1069,2366,2387
2052,1836,2367
1433,1428,2196
1591,1080,2374
1878,2040,2117
760,2207,2360
2071,748,2452
919,2168,2171
1719,2192,2247
1033,2052,2352
1357,2019,2464
871,2128,2350
1073,1944,2329
729,906,2239
1092,2243,2419
2156,1541,2488
677,1053,2504
2273,1009,2316
1936,996,2380
1405,1455,2205
1067,914,2285
767,907,2240
1358,1350,2250
1685,1788,2277
2423,2412,2451
2056,1412,2210
1330,1461,2444
1949,1322,2395
1412,1407,2205
777,1529,2465
1831,1640,2410
1165,1133,2234
966,2320,2321
1261,1255,2231
696,693,2495
2043,1435,2212
1107,1169,2209
1605,1163,2425
2366,1068,2387
1506,1424,2379
909,2094,2399
894,930,2228
1451,1540,2386
2136,1493,2418
1017,1101,2405
1719,2055,2192
1450,1454,2423
886,1865,2418
2114,925,2372
1922,1376,2428
1117,1120,2204
1593,1271,2287
1074,896,2228
1229,1207,2253
923,1586,2273
1461,1327,2266
1048,2434,2474
1450,2423,2451
1227,1223,2290
2204,2143,2214
1262,1248,2224
1113,1110,2209
1086,2176,2480
1155,1172,2279
1130,1791,2234
1386,1460,2211
928,2106,2257
1412,2205,2210
740,1589,2323
2391,1064,2398
1437,2043,2237
1243,2058,2453
1392,1389,2211
1246,2053,2224
1640,1638,2410
1975,1326,2293
2331,1936,2380
1348,1345,2260
1603,573,2337
1433,2147,2212
1065,2391,2398
2147,2043,2212
1449,1440,2237
2070,1516,2315
1195,1190,2317
2270,878,2377
1720,2247,2248
2409,880,2410
2328,889,2357
583,1664,2327
2179,912,2180
580,1684,2318
1638,1627,2409
2218,761,2442
1009,1005,2316
887,2264,2278
2114,867,2500
91,2087,2427
1347,1348,2250
1703,1701,2422
751,2357,2452
679,1586,2455
1986,855,2459
2294,1449,2398
1628,1625,2268
2128,2217,2350
1042,2061,2284
824,2154,2336
2021,1479,2328
1807,1334,2475
879,2113,2330
2168,919,2384
1342,1458,2260
1616,597,2355
1172,2278,2279
825,1936,2331
2217,913,2350
2112,760,2360
1223,2029,2290
2085,1051,2407
1750,710,2347
824,2018,2493
1653,589,2365
1037,991,2256
1636,593,2363
1938,624,2342
1278,1279,2303
1827,932,2340
2280,1778,2387
1836,685,2367
1619,595,2378
1985,1007,2393
1613,1244,2339
1479,2126,2328
1868,806,2420
1068,2280,2387
1064,2294,2398
1559,2218,2442
2243,1094,2419
1121,2204,2214
2131,950,2368
1539,1446,2386
1111,2032,2487
907,2115,2480
1105,2042,2352
1543,1451,2451
839,2270,2377
2108,1278,2303
2264,885,2278
1741,1033,2352
598,1631,2396
578,1714,2390
1707,1370,2358
1288,2415,2416
1684,1783,2318
2294,1064,2295
1005,1036,2316
2330,1545,2343
1608,1603,2337
2183,1750,2347
1627,1628,2409
597,1633,2385
2004,957,2401
869,2227,2500
1828,1827,2340
589,1667,2365
1764,619,2413
1637,1636,2363
1664,2072,2327
1676,582,2416
1923,822,2382
1190,1478,2317
1160,1605,2425
606,1970,2394
1284,1676,2415
2425,1156,2426
593,1622,2363
621,1947,2402
1241,2307,2308
2295,1064,2296
2412,1543,2451
2031,1703,2422
1108,2166,2461
2033,578,2390
1092,2232,2242
1295,1649,2421
1885,608,2433
1617,1616,2355
1850,1287,2408
1004,2225,2498
1614,1613,2339
2177,683,2404
2041,1938,2342
1030,1870,2443
599,1746,2441
2057,1100,2406
1586,923,2455
917,1866,2435
2042,1741,2352
2271,2021,2328
1886,1885,2433
2215,1501,2338
1781,1357,2464
1857,922,2438
1465,1534,2376
1859,2102,2487
1256,1670,2437
595,1643,2406
1708,1707,2358
2343,1545,2412
1849,2058,2502
2118,917,2435
1091,1906,2453
1929,1881,2440
1620,1619,2378
1924,1923,2382
1316,1732,2469
582,1681,2416
1287,1608,2408
2096,1284,2415
2062,1047,2499
2027,598,2396
608,1698,2433
2080,606,2394
1109,2460,2461
615,1781,2463
1906,1907,2453
1549,1763,2481
1869,2059,2439
1014,1754,2486
2059,1030,2443
1930,1929,2440
706,1900,2460
625,1753,2483
2247,884,2248
1947,1948,2402
2104,621,2402
685,1869,2439
2197,599,2441
2058,1091,2453
1643,2057,2406
1649,1650,2421
2102,706,2460
1945,2156,2488
1866,1256,2436
1858,1857,2438
1379,1855,2490
1784,1764,2413
1940,1116,2468
1123,1859,2487
1732,2080,2469
2032,1123,2487
1485,2394,2457
1965,1061,2462
922,1894,2447
1116,1635,2468
1332,1807,2475
2276,714,2346
1542,1945,2488
2092,1379,2490
681,2086,2246
1894,1360,2448
1900,1108,2461
1754,1755,2486
1905,1316,2469
1763,2104,2481
697,2264,2494
1471,2333,2468
2100,1549,2481
1384,1919,2505
1881,1931,2477
2003,1014,2486
1383,2072,2505
773,1868,2420
1948,1542,2488
2072,1384,2505
957,1654,2496
1092,2242,2243
2271,762,2348
822,1891,2492
1061,1620,2462
1955,625,2483
1753,1896,2484
1244,1849,2502
1970,1308,2457
1160,2425,2426
2207,1534,2360
2292,1295,2421
1654,1655,2496
796,2175,2261
2323,1103,2429
2102,1111,2487
1635,2356,2403
1755,2450,2486
1023,1747,2371
2377,878,2424
1891,2292,2492
2054,1482,2337
2475,1328,2476
2059,1555,2439
2333,1940,2468
2322,615,2463
2450,2003,2486
2434,1046,2474
2167,1591,2255
1555,2367,2439
2052,1105,2352
779,2168,2384
2251,1013,2450
867,2114,2372
859,2412,2423
714,2341,2470
2355,597,2385
1332,2475,2476
762,2357,2466
1547,2100,2481
2104,1547,2481
1534,2207,2471
2367,685,2439
2415,1676,2416
1466,2435,2436
714,2276,2341
2202,1712,2381
2378,595,2406
1574,2401,2496
2126,889,2328
762,2271,2357
2463,1781,2464
1574,2005,2401
1638,2409,2410
683,2177,2392
2435,1866,2436
2436,1256,2437
1495,2463,2464
2339,1244,2502
679,2455,2485
2438,922,2447
2382,822,2492
2401,957,2496
2460,1900,2461
2018,665,2493
2394,1970,2457
2440,1881,2477
2447,1894,2448
2483,1753,2484
1601,2183,2347
1557,2382,2492
2356,1124,2403
1556,2292,2421
859,2343,2412
836,2377,2424
1882,2440,2477
1606,2438,2447
1678,581,1683
1675,583,2327
1611,596,1632
1901,602,2042
610,1985,2393
1762,620,1987
1788,668,1811
1832,708,2183
1926,719,1943
1813,756,1915
761,2016,2172
1852,823,1902
845,1892,2134
1981,852,2005
853,1965,2462
879,2330,2343
890,1720,2248
901,899,1074
910,1850,2408
918,1967,2138
962,960,1066
995,993,1037
1946,1073,2329
1714,1132,1828
1147,1729,2033
1152,1150,1863
1803,1157,2279
1783,1158,1832
1632,1162,1935
1164,1651,1652
1178,1175,1563
1183,1180,1536
1201,1199,2035
1205,1203,1568
1211,1209,1229
1907,1235,1908
1253,1251,1262
1257,1466,1476
1723,1264,1839
1275,1273,1280
1299,1297,1311
1631,1314,1924
1320,1318,1607
1325,1323,1484
1333,1465,1533
1337,1972,1973
1351,1867,2322
1352,1367,1459
1355,1353,1358
1364,1362,1467
1746,1366,1858
1911,1372,1912
1377,1374,1464
1925,1387,2034
1516,1398,2074
1682,1411,1801
1666,1422,2165
1426,1653,2365
1445,1443,1449
1681,1680,1802
1872,1699,1886
1937,1776,2041
1992,2001,2258
