x,y,Object
-2.0,-2.0,1.0
2.0,-2.0,1.0
2.0,2.0,1.0
-2.0,2.0,1.0
0.75,0.0,0.0
0.745891,0.0783963,1.0
0.733611,0.155934,1.0
0.713292,0.231763,1.0
0.685159,0.305052,1.0
0.649519,0.375,1.0
0.606763,0.440839,1.0
0.557359,0.501848,1.0
0.501848,0.557359,1.0
0.440839,0.606763,1.0
0.375,0.649519,1.0
0.305052,0.685159,1.0
0.231763,0.713292,1.0
0.155934,0.733611,1.0
0.0783963,0.745891,1.0
0.0,0.75,1.0
-0.0783963,0.745891,1.0
-0.155934,0.733611,1.0
-0.231763,0.713292,1.0
-0.305052,0.685159,1.0
-0.375,0.649519,1.0
-0.440839,0.606763,1.0
-0.501848,0.557359,1.0
-0.557359,0.501848,1.0
-0.606763,0.440839,1.0
-0.649519,0.375,1.0
-0.685159,0.305052,1.0
-0.713292,0.231763,1.0
-0.733611,0.155934,1.0
-0.745891,0.0783963,1.0
-0.75,1e-16,1.0
-0.745891,-0.0783963,1.0
-0.733611,-0.155934,1.0
-0.713292,-0.231763,1.0
-0.685159,-0.305052,1.0
-0.649519,-0.375,1.0
-0.606763,-0.440839,1.0
-0.557359,-0.501848,1.0
-0.501848,-0.557359,1.0
-0.440839,-0.606763,1.0
-0.375,-0.649519,1.0
-0.305052,-0.685159,1.0
-0.231763,-0.713292,1.0
-0.155934,-0.733611,1.0
-0.0783963,-0.745891,1.0
-1e-16,-0.75,1.0
0.0783963,-0.745891,1.0
0.155934,-0.733611,1.0
0.231763,-0.713292,1.0
0.305052,-0.685159,1.0
0.375,-0.649519,1.0
0.440839,-0.606763,1.0
0.501848,-0.557359,1.0
0.557359,-0.501848,1.0
0.606763,-0.440839,1.0
0.649519,-0.375,1.0
0.685159,-0.305052,1.0
0.713292,-0.231763,1.0
0.733611,-0.155934,1.0
0.745891,-0.0783963,1.0
-1.6,-2.0,1.0
-1.2,-2.0,1.0
-0.8,-2.0,1.0
-0.4,-2.0,1.0
-5.50449e-12,-2.0,1.0
0.4,-2.0,1.0
0.8,-2.0,1.0
1.2,-2.0,1.0
1.6,-2.0,1.0
2.0,-1.6,1.0
2.0,-1.2,1.0
2.0,-0.8,1.0
2.0,-0.4,1.0
2.0,-5.50449e-12,1.0
2.0,0.4,1.0
2.0,0.8,1.0
2.0,1.2,1.0
2.0,1.6,1.0
1.6,2.0,1.0
1.2,2.0,1.0
0.8,2.0,1.0
0.4,2.0,1.0
5.50449e-12,2.0,1.0
-0.4,2.0,1.0
-0.8,2.0,1.0
-1.2,2.0,1.0
-1.6,2.0,1.0
-2.0,1.6,1.0
-2.0,1.2,1.0
-2.0,0.8,1.0
-2.0,0.4,1.0
-2.0,5.50449e-12,1.0
-2.0,-0.4,1.0
-2.0,-0.8,1.0
-2.0,-1.2,1.0
-2.0,-1.6,1.0
0.749933,0.00998356,0.0
0.749733,0.0199653,0.0
0.7494,0.0299436,0.0
0.748935,0.0399165,0.0
0.748338,0.0498824,0.0
0.747608,0.0598395,0.0
0.746746,0.069786,0.0
0.745751,0.0797201,0.0
0.744623,0.08964,0.0
0.743363,0.099544,0.0
0.741972,0.10943,0.0
0.740449,0.119297,0.0
0.738796,0.129143,0.0
0.737012,0.138966,0.0
0.735098,0.148765,0.0
0.733053,0.158537,0.0
0.730877,0.168281,0.0
0.728571,0.177995,0.0
0.726137,0.187677,0.0
0.723574,0.197326,0.0
0.720883,0.206941,0.0
0.718066,0.216519,0.0
0.715121,0.226058,0.0
0.712048,0.235558,0.0
0.708849,0.245015,0.0
0.705524,0.254429,0.0
0.702074,0.263797,0.0
0.6985,0.27312,0.0
0.694803,0.282394,0.0
0.690983,0.291618,0.0
0.687041,0.30079,0.0
0.682976,0.309909,0.0
0.678789,0.318973,0.0
0.674483,0.32798,0.0
0.670057,0.336929,0.0
0.665512,0.345818,0.0
0.66085,0.354647,0.0
0.656072,0.363413,0.0
0.651177,0.372114,0.0
0.646165,0.380749,0.0
0.641039,0.389317,0.0
0.635799,0.397815,0.0
0.630447,0.406243,0.0
0.624984,0.414599,0.0
0.61941,0.422882,0.0
0.613727,0.43109,0.0
0.607934,0.439222,0.0
0.602034,0.447275,0.0
0.596026,0.455249,0.0
0.589912,0.463142,0.0
0.583695,0.470954,0.0
0.577374,0.478682,0.0
0.570951,0.486326,0.0
0.564428,0.493883,0.0
0.557804,0.501353,0.0
0.55108,0.508734,0.0
0.544259,0.516024,0.0
0.537341,0.523222,0.0
0.530329,0.530329,0.0
0.523222,0.537341,0.0
0.516024,0.544259,0.0
0.508734,0.55108,0.0
0.501353,0.557804,0.0
0.493883,0.564428,0.0
0.486326,0.570951,0.0
0.478682,0.577374,0.0
0.470954,0.583695,0.0
0.463142,0.589912,0.0
0.455249,0.596026,0.0
0.447275,0.602034,0.0
0.439222,0.607934,0.0
0.43109,0.613727,0.0
0.422882,0.61941,0.0
0.414599,0.624984,0.0
0.406243,0.630447,0.0
0.397815,0.635799,0.0
0.389317,0.641039,0.0
0.380749,0.646165,0.0
0.372114,0.651177,0.0
0.363413,0.656072,0.0
0.354647,0.66085,0.0
0.345818,0.665512,0.0
0.336929,0.670057,0.0
0.32798,0.674483,0.0
0.318973,0.678789,0.0
0.309909,0.682976,0.0
0.30079,0.687041,0.0
0.291618,0.690983,0.0
0.282394,0.694803,0.0
0.27312,0.6985,0.0
0.263797,0.702074,0.0
0.254429,0.705524,0.0
0.245015,0.708849,0.0
0.235558,0.712048,0.0
0.226058,0.715121,0.0
0.216519,0.718066,0.0
0.206941,0.720883,0.0
0.197326,0.723574,0.0
0.187677,0.726137,0.0
0.177995,0.728571,0.0
0.168281,0.730877,0.0
0.158537,0.733053,0.0
0.148765,0.735098,0.0
0.138966,0.737012,0.0
0.129143,0.738796,0.0
0.119297,0.740449,0.0
0.10943,0.741972,0.0
0.099544,0.743363,0.0
0.08964,0.744623,0.0
0.0797201,0.745751,0.0
0.069786,0.746746,0.0
0.0598395,0.747608,0.0
0.0498824,0.748338,0.0
0.0399165,0.748935,0.0
0.0299436,0.7494,0.0
0.0199653,0.749733,0.0
0.00998356,0.749933,0.0
-3.13275e-09,0.75,0.0
-0.00998356,0.749933,0.0
-0.0199653,0.749733,0.0
-0.0299436,0.7494,0.0
-0.0399165,0.748935,0.0
-0.0498824,0.748338,0.0
-0.0598395,0.747608,0.0
-0.069786,0.746746,0.0
-0.0797201,0.745751,0.0
-0.08964,0.744623,0.0
-0.099544,0.743363,0.0
-0.10943,0.741972,0.0
-0.119297,0.740449,0.0
-0.129143,0.738796,0.0
-0.138966,0.737012,0.0
-0.148765,0.735098,0.0
-0.158537,0.733053,0.0
-0.168281,0.730877,0.0
-0.177995,0.728571,0.0
-0.187677,0.726137,0.0
-0.197326,0.723574,0.0
-0.206941,0.720883,0.0
-0.216519,0.718066,0.0
-0.226058,0.715121,0.0
-0.235558,0.712048,0.0
-0.245015,0.708849,0.0
-0.254429,0.705524,0.0
-0.263797,0.702074,0.0
-0.27312,0.6985,0.0
-0.282394,0.694803,0.0
-0.291618,0.690983,0.0
-0.30079,0.687041,0.0
-0.309909,0.682976,0.0
-0.318973,0.678789,0.0
-0.32798,0.674483,0.0
-0.336929,0.670057,0.0
-0.345818,0.665512,0.0
-0.354647,0.66085,0.0
-0.363413,0.656072,0.0
-0.372114,0.651177,0.0
-0.380749,0.646165,0.0
-0.389317,0.641039,0.0
-0.397815,0.635799,0.0
-0.406243,0.630447,0.0
-0.414599,0.624984,0.0
-0.422882,0.61941,0.0
-0.43109,0.613727,0.0
-0.439222,0.607934,0.0
-0.447275,0.602034,0.0
-0.455249,0.596026,0.0
-0.463142,0.589912,0.0
-0.470954,0.583695,0.0
-0.478682,0.577374,0.0
-0.486326,0.570951,0.0
-0.493883,0.564428,0.0
-0.501353,0.557804,0.0
-0.508734,0.55108,0.0
-0.516024,0.544259,0.0
-0.523222,0.537341,0.0
-0.530329,0.530329,0.0
-0.537341,0.523222,0.0
-0.544259,0.516024,0.0
-0.55108,0.508734,0.0
-0.557804,0.501353,0.0
-0.564428,0.493883,0.0
-0.570951,0.486326,0.0
-0.577374,0.478682,0.0
-0.583695,0.470954,0.0
-0.589912,0.463142,0.0
-0.596026,0.455249,0.0
-0.602034,0.447275,0.0
-0.607934,0.439222,0.0
-0.613727,0.43109,0.0
-0.61941,0.422882,0.0
-0.624984,0.414599,0.0
-0.630447,0.406243,0.0
-0.635799,0.397815,0.0
-0.641039,0.389317,0.0
-0.646165,0.380749,0.0
-0.651177,0.372114,0.0
-0.656072,0.363413,0.0
-0.66085,0.354647,0.0
-0.665512,0.345818,0.0
-0.670057,0.336929,0.0
-0.674483,0.32798,0.0
-0.678789,0.318973,0.0
-0.682976,0.309909,0.0
-0.687041,0.30079,0.0
-0.690983,0.291618,0.0
-0.694803,0.282394,0.0
-0.6985,0.27312,0.0
-0.702074,0.263797,0.0
-0.705524,0.254429,0.0
-0.708849,0.245015,0.0
-0.712048,0.235557,0.0
-0.715121,0.226058,0.0
-0.718066,0.216519,0.0
-0.720883,0.206941,0.0
-0.723574,0.197326,0.0
-0.726137,0.187677,0.0
-0.728571,0.177995,0.0
-0.730877,0.168281,0.0
-0.733053,0.158537,0.0
-0.735098,0.148765,0.0
-0.737012,0.138966,0.0
-0.738796,0.129143,0.0
-0.740449,0.119297,0.0
-0.741972,0.10943,0.0
-0.743363,0.0995439,0.0
-0.744623,0.08964,0.0
-0.745751,0.0797201,0.0
-0.746746,0.069786,0.0
-0.747608,0.0598395,0.0
-0.748338,0.0498824,0.0
-0.748935,0.0399165,0.0
-0.7494,0.0299436,0.0
-0.749733,0.0199653,0.0
-0.749933,0.00998355,0.0
-0.75,-6.45182e-09,0.0
-0.749933,-0.00998357,0.0
-0.749733,-0.0199653,0.0
-0.7494,-0.0299436,0.0
-0.748935,-0.0399165,0.0
-0.748338,-0.0498824,0.0
-0.747608,-0.0598395,0.0
-0.746746,-0.069786,0.0
-0.745751,-0.0797201,0.0
-0.744623,-0.08964,0.0
-0.743363,-0.099544,0.0
-0.741972,-0.10943,0.0
-0.740449,-0.119297,0.0
-0.738796,-0.129143,0.0
-0.737012,-0.138966,0.0
-0.735098,-0.148765,0.0
-0.733053,-0.158537,0.0
-0.730877,-0.168281,0.0
-0.728571,-0.177995,0.0
-0.726137,-0.187677,0.0
-0.723574,-0.197326,0.0
-0.720883,-0.206941,0.0
-0.718066,-0.216519,0.0
-0.715121,-0.226058,0.0
-0.712048,-0.235558,0.0
-0.708849,-0.245015,0.0
-0.705524,-0.254429,0.0
-0.702074,-0.263797,0.0
-0.6985,-0.27312,0.0
-0.694803,-0.282394,0.0
-0.690983,-0.291618,0.0
-0.687041,-0.30079,0.0
-0.682976,-0.309909,0.0
-0.678789,-0.318973,0.0
-0.674483,-0.32798,0.0
-0.670057,-0.336929,0.0
-0.665512,-0.345818,0.0
-0.66085,-0.354647,0.0
-0.656072,-0.363413,0.0
-0.651177,-0.372114,0.0
-0.646165,-0.380749,0.0
-0.641039,-0.389317,0.0
-0.635799,-0.397815,0.0
-0.630447,-0.406243,0.0
-0.624984,-0.414599,0.0
-0.61941,-0.422882,0.0
-0.613727,-0.43109,0.0
-0.607934,-0.439222,0.0
-0.602034,-0.447275,0.0
-0.596026,-0.455249,0.0
-0.589912,-0.463142,0.0
-0.583695,-0.470954,0.0
-0.577374,-0.478682,0.0
-0.570951,-0.486326,0.0
-0.564428,-0.493883,0.0
-0.557804,-0.501353,0.0
-0.55108,-0.508734,0.0
-0.544259,-0.516024,0.0
-0.537341,-0.523222,0.0
-0.530329,-0.530329,0.0
-0.523222,-0.537341,0.0
-0.516024,-0.544259,0.0
-0.508734,-0.55108,0.0
-0.501353,-0.557804,0.0
-0.493883,-0.564428,0.0
-0.486326,-0.570951,0.0
-0.478682,-0.577374,0.0
-0.470954,-0.583695,0.0
-0.463142,-0.589912,0.0
-0.455249,-0.596026,0.0
-0.447275,-0.602034,0.0
-0.439222,-0.607934,0.0
-0.43109,-0.613727,0.0
-0.422882,-0.61941,0.0
-0.414599,-0.624984,0.0
-0.406243,-0.630447,0.0
-0.397815,-0.635799,0.0
-0.389317,-0.641039,0.0
-0.380749,-0.646165,0.0
-0.372114,-0.651177,0.0
-0.363413,-0.656072,0.0
-0.354647,-0.66085,0.0
-0.345818,-0.665512,0.0
-0.336929,-0.670057,0.0
-0.32798,-0.674483,0.0
-0.318973,-0.678789,0.0
-0.309909,-0.682976,0.0
-0.30079,-0.687041,0.0
-0.291618,-0.690983,0.0
-0.282394,-0.694803,0.0
-0.27312,-0.6985,0.0
-0.263797,-0.702074,0.0
-0.254429,-0.705524,0.0
-0.245015,-0.708849,0.0
-0.235557,-0.712048,0.0
-0.226058,-0.715121,0.0
-0.216519,-0.718066,0.0
-0.206941,-0.720883,0.0
-0.197326,-0.723574,0.0
-0.187677,-0.726137,0.0
-0.177995,-0.728571,0.0
-0.168281,-0.730877,0.0
-0.158537,-0.733053,0.0
-0.148765,-0.735098,0.0
-0.138966,-0.737012,0.0
-0.129143,-0.738796,0.0
-0.119297,-0.740449,0.0
-0.10943,-0.741972,0.0
-0.0995439,-0.743363,0.0
-0.08964,-0.744623,0.0
-0.0797201,-0.745751,0.0
-0.069786,-0.746746,0.0
-0.0598395,-0.747608,0.0
-0.0498824,-0.748338,0.0
-0.0399165,-0.748935,0.0
-0.0299436,-0.7494,0.0
-0.0199653,-0.749733,0.0
-0.00998356,-0.749933,0.0
3.2224e-09,-0.75,0.0
0.00998356,-0.749933,0.0
0.0199653,-0.749733,0.0
0.0299436,-0.7494,0.0
0.0399165,-0.748935,0.0
0.0498824,-0.748338,0.0
0.0598395,-0.747608,0.0
0.069786,-0.746746,0.0
0.0797201,-0.745751,0.0
0.08964,-0.744623,0.0
0.099544,-0.743363,0.0
0.10943,-0.741972,0.0
0.119297,-0.740449,0.0
0.129143,-0.738796,0.0
0.138966,-0.737012,0.0
0.148765,-0.735098,0.0
0.158537,-0.733053,0.0
0.168281,-0.730877,0.0
0.177995,-0.728571,0.0
0.187677,-0.726137,0.0
0.197326,-0.723574,0.0
0.206941,-0.720883,0.0
0.216519,-0.718066,0.0
0.226058,-0.715121,0.0
0.235558,-0.712048,0.0
0.245015,-0.708849,0.0
0.254429,-0.705524,0.0
0.263797,-0.702074,0.0
0.27312,-0.6985,0.0
0.282394,-0.694803,0.0
0.291618,-0.690983,0.0
0.30079,-0.687041,0.0
0.309909,-0.682976,0.0
0.318973,-0.678789,0.0
0.32798,-0.674483,0.0
0.336929,-0.670057,0.0
0.345818,-0.665512,0.0
0.354647,-0.66085,0.0
0.363413,-0.656072,0.0
0.372114,-0.651177,0.0
0.380749,-0.646165,0.0
0.389317,-0.641039,0.0
0.397815,-0.635799,0.0
0.406243,-0.630447,0.0
0.414599,-0.624984,0.0
0.422882,-0.61941,0.0
0.43109,-0.613727,0.0
0.439222,-0.607934,0.0
0.447275,-0.602034,0.0
0.455249,-0.596026,0.0
0.463142,-0.589912,0.0
0.470954,-0.583695,0.0
0.478682,-0.577374,0.0
0.486326,-0.570951,0.0
0.493883,-0.564428,0.0
0.501353,-0.557804,0.0
0.508734,-0.55108,0.0
0.516024,-0.544259,0.0
0.523222,-0.537341,0.0
0.530329,-0.530329,0.0
0.537341,-0.523222,0.0
0.544259,-0.516024,0.0
0.55108,-0.508734,0.0
0.557804,-0.501353,0.0
0.564428,-0.493883,0.0
0.570951,-0.486326,0.0
0.577374,-0.478682,0.0
0.583695,-0.470954,0.0
0.589912,-0.463142,0.0
0.596026,-0.455249,0.0
0.602034,-0.447275,0.0
0.607934,-0.439222,0.0
0.613727,-0.43109,0.0
0.61941,-0.422882,0.0
0.624984,-0.414599,0.0
0.630447,-0.406243,0.0
0.635799,-0.397815,0.0
0.641039,-0.389317,0.0
0.646165,-0.380749,0.0
0.651177,-0.372114,0.0
0.656072,-0.363413,0.0
0.66085,-0.354647,0.0
0.665512,-0.345818,0.0
0.670057,-0.336929,0.0
0.674483,-0.32798,0.0
0.678789,-0.318973,0.0
0.682976,-0.309909,0.0
0.687041,-0.30079,0.0
0.690983,-0.291618,0.0
0.694803,-0.282394,0.0
0.6985,-0.27312,0.0
0.702074,-0.263797,0.0
0.705524,-0.254429,0.0
0.708849,-0.245015,0.0
0.712048,-0.235558,0.0
0.715121,-0.226058,0.0
0.718066,-0.216519,0.0
0.720883,-0.206941,0.0
0.723574,-0.197326,0.0
0.726137,-0.187677,0.0
0.728571,-0.177995,0.0
0.730877,-0.168281,0.0
0.733053,-0.158537,0.0
0.735098,-0.148765,0.0
0.737012,-0.138966,0.0
0.738796,-0.129143,0.0
0.740449,-0.119297,0.0
0.741972,-0.10943,0.0
0.743363,-0.099544,0.0
0.744623,-0.08964,0.0
0.745751,-0.0797201,0.0
0.746746,-0.069786,0.0
0.747608,-0.0598395,0.0
0.748338,-0.0498824,0.0
0.748935,-0.0399165,0.0
0.7494,-0.0299436,0.0
0.749733,-0.0199653,0.0
0.749933,-0.00998356,0.0
-0.539989,-0.532849,1.0
-0.593266,-0.471761,1.0
-0.533357,0.540471,1.0
-0.471329,0.593146,1.0
0.532849,-0.539989,1.0
0.472433,-0.593568,1.0
0.539989,0.532849,1.0
0.593907,0.47273,1.0
0.595824,-0.473139,1.0
0.47331,0.595113,1.0
-0.472429,-0.591965,1.0
-0.593923,0.472687,1.0
-0.639631,-0.404979,1.0
-0.405731,0.639934,1.0
0.406613,-0.640362,1.0
0.640513,0.406481,1.0
0.640422,-0.406664,1.0
0.407604,0.641095,1.0
-0.406876,-0.640797,1.0
-0.641612,0.4081,1.0
-0.681869,-0.33822,1.0
-0.336287,0.68002,1.0
0.336494,-0.680389,1.0
0.678877,0.336348,1.0
0.680121,-0.336316,1.0
0.334801,0.679325,1.0
-0.336314,-0.680116,1.0
-0.680419,0.336461,1.0
-0.712362,-0.262264,1.0
-0.261207,0.711198,1.0
0.262346,-0.712016,1.0
0.711122,0.260749,1.0
0.711231,-0.262137,1.0
0.262101,0.711913,1.0
-0.261324,-0.711216,1.0
-0.712335,0.262254,1.0
-0.735739,-0.184944,1.0
0.185059,-0.736188,1.0
-0.184765,0.735461,1.0
0.735739,-0.184944,1.0
0.734963,0.184166,1.0
-0.185546,-0.738534,1.0
0.18484,0.738488,1.0
-0.738302,0.185587,1.0
-0.751559,-0.105737,1.0
-0.105398,0.750786,1.0
0.105692,-0.751229,1.0
0.752619,0.106568,1.0
0.752003,-0.105805,1.0
0.104502,0.750126,1.0
-0.105754,-0.751685,1.0
-0.751229,0.105692,1.0
-0.758208,-0.0252427,1.0
0.0249917,-0.758349,1.0
-0.0252565,0.758695,1.0
0.758208,-0.0252427,1.0
-1.0,-1.65359,1.0
1.67113,-1.03775,1.0
-1.64419,1.03374,1.0
0.999007,1.66182,1.0
-1.69895,-0.544059,1.0
0.564449,-1.67653,1.0
-0.598238,1.71754,1.0
1.66512,0.624074,1.0
-0.225928,-1.66102,1.0
1.67819,-0.240028,1.0
-1.70958,0.255307,1.0
0.227815,1.71875,1.0
-1.42467,1.66539,1.0
-1.66046,-1.37458,1.0
1.4,-1.65359,1.0
1.72095,1.42215,1.0
0.253984,-1.68661,1.0
0.380956,-1.4102,1.0
0.661213,-1.39793,1.0
0.534024,-1.22008,1.0
0.361855,-1.19486,1.0
0.741977,-1.18837,1.0
0.619173,-1.03991,1.0
0.804867,-1.01395,1.0
0.711169,-0.867012,1.0
0.865077,-0.860706,1.0
0.796696,-0.772191,1.0
0.905768,-0.725589,1.0
0.575244,-0.892048,1.0
0.846296,-0.605504,1.0
0.97562,-0.602223,1.0
0.891434,-0.517343,1.0
1.01145,-0.47695,1.0
0.960038,-0.356071,1.0
1.1224,-0.593479,1.0
1.02322,-0.849785,1.0
0.938717,-1.14829,1.0
1.08123,-0.360172,1.0
0.998952,-0.275142,1.0
0.704782,-0.635363,1.0
0.560536,-0.50997,1.0
0.572695,-0.495739,1.0
1.11593,-0.236864,1.0
1.07861,-0.127605,1.0
0.757267,0.0454168,1.0
0.753915,0.0762799,1.0
0.75731,0.0161194,1.0
1.23825,-0.362101,1.0
1.19457,-0.116316,1.0
1.10458,-0.00386872,1.0
1.25779,0.0164223,1.0
1.1747,0.130986,1.0
1.01936,0.116798,1.0
1.0612,0.205729,1.0
0.964831,0.221102,1.0
0.981673,0.30194,1.0
0.903333,0.307215,1.0
0.918822,0.380984,1.0
0.725013,0.223889,1.0
1.02999,0.41541,1.0
0.959205,0.487276,1.0
1.07152,0.531592,1.0
0.967029,0.608954,1.0
0.831961,0.588193,1.0
0.877859,0.708648,1.0
0.758904,0.668829,1.0
0.791436,0.786118,1.0
0.924541,0.829511,1.0
0.681425,0.754742,1.0
0.710415,0.860571,1.0
0.613569,0.839432,1.0
0.638894,0.949724,1.0
0.511943,0.906453,1.0
0.539591,1.0382,1.0
0.424803,0.997334,1.0
1.09335,0.681196,1.0
0.683989,1.08614,1.0
0.838925,0.375134,1.0
0.662277,0.373195,1.0
0.697445,0.299805,1.0
0.669326,0.668128,1.0
0.503287,0.565964,1.0
0.567302,0.502666,1.0
0.518842,0.553727,1.0
1.15909,0.42416,1.0
0.91692,0.117605,1.0
0.745197,0.145783,1.0
0.388021,0.877856,1.0
0.334417,0.933143,1.0
0.0344444,0.757051,1.0
0.00621424,0.760436,1.0
0.0650504,0.757221,1.0
0.300089,0.695456,1.0
0.325703,1.06024,1.0
0.211246,0.984079,1.0
0.218409,1.12784,1.0
0.1109,1.06583,1.0
0.338416,1.19103,1.0
0.109461,0.978461,1.0
0.0241695,0.999152,1.0
0.00304156,1.12423,1.0
-0.0918094,1.03987,1.0
-0.110316,1.18611,1.0
-0.218277,1.10974,1.0
-0.20464,0.965659,1.0
-0.312072,1.03275,1.0
-0.308783,0.924426,1.0
-0.40258,0.95831,1.0
-0.224369,0.726338,1.0
-0.424569,1.0812,1.0
-0.513871,0.992605,1.0
-0.47646,0.869846,1.0
-0.601318,0.904873,1.0
-0.641972,1.01691,1.0
-0.727668,0.918929,1.0
-0.662168,0.79251,1.0
-0.801692,0.813233,1.0
-0.752951,0.69942,1.0
-0.866151,0.70984,1.0
-0.819489,0.605709,1.0
-0.949503,0.635201,1.0
-0.900676,0.507985,1.0
-0.864059,0.923985,1.0
-1.02565,0.527501,1.0
-0.985857,0.40394,1.0
-0.670612,0.700247,1.0
-0.505766,0.569353,1.0
-1.09068,0.663282,1.0
-0.206001,0.875344,1.0
-0.14428,0.743521,1.0
-1.1173,0.431521,1.0
-1.06314,0.301874,1.0
-0.758559,0.0331492,1.0
-0.759251,0.00529491,1.0
-0.755791,0.0655593,1.0
-0.93403,0.275909,1.0
-0.985647,0.21471,1.0
-0.723892,0.224064,1.0
-1.12076,0.192614,1.0
-1.02767,0.0798762,1.0
-1.18441,0.0760978,1.0
-1.09923,-0.0523749,1.0
-1.26338,-0.0503964,1.0
-1.18075,-0.177053,1.0
-1.05284,-0.158859,1.0
-1.08333,-0.274815,1.0
-0.984356,-0.286219,1.0
-1.01257,-0.373466,1.0
-0.924055,-0.382244,1.0
-0.949243,-0.465701,1.0
-0.863905,-0.474507,1.0
-0.88699,-0.554035,1.0
-0.797213,-0.567861,1.0
-0.840951,-0.651858,1.0
-0.955737,-0.664227,1.0
-0.881337,-0.763891,1.0
-0.748315,-0.723714,1.0
-0.799016,-0.859362,1.0
-0.663472,-0.828274,1.0
-0.717235,-0.955124,1.0
-0.590268,-0.932994,1.0
-0.638047,-1.06107,1.0
-0.506801,-1.0284,1.0
-0.863581,-1.00368,1.0
-1.0155,-0.78386,1.0
-0.478924,-0.899537,1.0
-0.393893,-0.975818,1.0
-0.650462,-0.7403,1.0
-1.0773,-0.500825,1.0
-0.353604,-0.903576,1.0
-0.290239,-0.956772,1.0
-0.0353329,-0.757804,1.0
-0.00581531,-0.759504,1.0
-0.0644415,-0.754765,1.0
-0.299618,-0.696956,1.0
-0.431397,-0.832476,1.0
-0.37318,-0.663495,1.0
-0.299929,-1.07174,1.0
-0.20314,-1.01565,1.0
-0.926422,-0.178511,1.0
-0.744813,-0.145578,1.0
-1.23216,-0.306765,1.0
-0.544682,-1.17633,1.0
-0.17917,-0.938875,1.0
-0.111703,-0.976938,1.0
-0.144327,-0.743607,1.0
-0.104174,-1.10367,1.0
-0.897482,0.177965,1.0
-0.743624,0.144331,1.0
-0.0916463,-0.899062,1.0
-0.0335885,-0.940459,1.0
0.00806094,0.909851,1.0
-0.0655593,0.755791,1.0
0.864725,0.215114,1.0
-0.804084,0.506161,1.0
-0.661282,0.372094,1.0
-0.617486,0.438675,1.0
0.934299,-0.155609,1.0
0.742962,-0.145857,1.0
-0.844397,0.258966,1.0
-0.699516,0.301257,1.0
-0.816468,-0.37805,1.0
-0.661115,-0.371845,1.0
-0.696248,-0.298689,1.0
-0.0145133,-0.885497,1.0
0.0390249,-0.911798,1.0
0.0662678,-0.757201,1.0
0.0374806,-1.00001,1.0
0.110608,-0.961944,1.0
0.101009,-0.892569,1.0
0.165911,-0.913335,1.0
0.146227,-0.745579,1.0
0.184688,-0.843937,1.0
0.223839,-0.724855,1.0
0.228854,-0.882508,1.0
0.297526,0.851762,1.0
0.224471,0.723531,1.0
0.366032,0.794894,1.0
0.37522,0.661856,1.0
0.229274,-0.836672,1.0
0.281619,-0.838583,1.0
0.300524,-0.697867,1.0
0.286335,-0.916913,1.0
-0.712923,-1.21072,1.0
0.836708,-0.393832,1.0
0.660076,-0.372573,1.0
0.696956,-0.299618,1.0
0.0862555,0.869632,1.0
0.144279,0.743369,1.0
0.341501,-0.874605,1.0
0.335991,-0.823248,1.0
0.372003,-0.66116,1.0
-0.154149,-0.851575,1.0
-0.225476,-0.725875,1.0
0.810777,0.287769,1.0
-0.26299,1.28397,1.0
1.3122,0.172411,1.0
-0.59839,-1.39803,1.0
0.351892,-0.953696,1.0
0.387302,-0.82845,1.0
0.389751,-0.780116,1.0
0.43375,-0.790931,1.0
0.438901,-0.737315,1.0
0.440172,-0.617873,1.0
0.481408,-0.760677,1.0
0.471612,-0.7018,1.0
0.521698,-0.728715,1.0
0.503355,-0.567585,1.0
0.517722,-0.677863,1.0
0.562711,-0.696763,1.0
0.548017,-0.643458,1.0
0.120209,-0.824323,1.0
-0.0735713,-0.842033,1.0
0.384206,-0.723354,1.0
0.110259,-1.0539,1.0
0.174964,-0.797199,1.0
0.430988,-0.700407,1.0
0.461469,-0.671055,1.0
0.478228,0.806563,1.0
0.440384,0.619293,1.0
0.559243,0.740579,1.0
0.277907,-0.997366,1.0
-0.866305,0.384992,1.0
0.509296,-0.642806,1.0
0.546097,-0.609282,1.0
0.577208,-0.613365,1.0
0.574181,-0.573188,1.0
0.606425,-0.585977,1.0
0.596876,-0.548342,1.0
0.632286,-0.558718,1.0
0.618995,-0.440079,1.0
0.619978,-0.523221,1.0
0.650315,-0.529986,1.0
0.645878,-0.492801,1.0
0.682794,-0.503097,1.0
0.670038,-0.468457,1.0
0.709166,-0.470089,1.0
0.703419,-0.427648,1.0
0.727005,-0.523005,1.0
0.0140242,1.26558,1.0
-1.26283,0.198581,1.0
-0.421242,-1.30149,1.0
-0.732153,0.584232,1.0
-0.560834,0.510866,1.0
-0.573093,0.495561,1.0
-0.703918,0.504835,1.0
0.574335,-0.754634,1.0
0.74427,-0.439707,1.0
0.729142,-0.398744,1.0
-0.572283,0.76171,1.0
-0.440444,0.618293,1.0
-0.561601,0.685435,1.0
-0.763145,-0.475485,1.0
-0.618312,-0.441959,1.0
-0.864488,-0.273959,1.0
-0.724944,-0.223867,1.0
0.98086,-0.00768927,1.0
0.862513,-1.59642,1.0
0.331687,-0.755508,1.0
0.536768,-0.572785,1.0
0.623818,-0.718062,1.0
0.427911,-0.65904,1.0
0.423568,-0.62937,1.0
0.617979,-0.625074,1.0
0.733871,0.573823,1.0
0.617873,0.440172,1.0
0.823131,0.493046,1.0
0.728256,0.487776,1.0
0.518085,-0.553068,1.0
-0.552828,-0.835375,1.0
0.192589,0.886073,1.0
0.129953,-1.4444,1.0
0.569189,-0.545839,1.0
0.547727,-0.526805,1.0
0.912782,-0.285338,1.0
0.726599,-0.225874,1.0
-0.711462,-0.644082,1.0
-0.567585,-0.503355,1.0
-0.623244,-0.642213,1.0
-0.503355,-0.567585,1.0
-0.518286,-0.553983,1.0
0.509269,-0.597307,1.0
0.487242,-0.579853,1.0
0.498908,-0.997324,1.0
0.374442,-1.04011,1.0
0.526447,1.20309,1.0
0.724259,1.24421,1.0
0.551855,1.43289,1.0
0.86084,1.12758,1.0
0.691392,-0.395345,1.0
0.651207,-0.389582,1.0
0.714059,-0.365552,1.0
0.670271,-0.352851,1.0
0.742299,-0.368179,1.0
0.730215,-0.340999,1.0
0.76404,-0.339047,1.0
0.753469,-0.300866,1.0
0.789553,-0.300964,1.0
0.769426,-0.271972,1.0
0.675567,-0.416798,1.0
-1.67561,-0.238145,1.0
-0.271315,1.70978,1.0
0.445344,-0.862782,1.0
1.69512,0.280757,1.0
-1.70508,0.54452,1.0
1.70198,-0.54194,1.0
0.581849,-0.527216,1.0
-0.0954127,0.942858,1.0
0.915403,1.30395,1.0
1.07615,1.1569,1.0
-1.00478,-0.022802,1.0
-0.952916,0.0770468,1.0
-0.888675,-0.00958388,1.0
-0.758092,-0.0645073,1.0
0.617334,-0.492284,1.0
0.605507,-0.455572,1.0
0.631038,-0.470031,1.0
0.648952,-0.444722,1.0
0.630076,-0.42395,1.0
0.204868,1.27592,1.0
0.739366,-0.274964,1.0
0.72062,-0.243372,1.0
0.703961,-0.279568,1.0
0.750853,-0.246981,1.0
0.781954,-0.24215,1.0
0.762455,-0.218447,1.0
0.787246,-0.213935,1.0
0.771297,-0.188807,1.0
0.802935,-0.184772,1.0
0.739349,-0.164037,1.0
0.784132,-0.157497,1.0
0.821571,-0.151079,1.0
0.757168,-0.0668455,1.0
0.793727,-0.126162,1.0
0.828488,-0.11878,1.0
0.806,-0.0895277,1.0
0.846184,-0.0889527,1.0
0.823709,-0.0568223,1.0
0.860306,-0.0487213,1.0
0.836516,-0.0201556,1.0
0.731643,-0.204741,1.0
0.845804,-0.186833,1.0
0.876288,-0.00591129,1.0
0.840626,0.0225947,1.0
0.804707,0.025323,1.0
0.813363,0.0548408,1.0
0.792871,-0.0134347,1.0
0.75916,-0.00507566,1.0
0.783063,-0.0497644,1.0
0.757267,-0.0454168,1.0
0.852816,0.0687966,1.0
0.822481,0.0936504,1.0
0.790198,0.0814238,1.0
0.791863,0.114545,1.0
0.824319,0.131276,1.0
0.794586,0.146508,1.0
0.773207,0.133152,1.0
0.769647,0.159253,1.0
0.794087,0.177614,1.0
0.740403,0.165293,1.0
0.766053,0.186123,1.0
0.786644,0.202682,1.0
0.761463,0.214121,1.0
0.731041,0.204623,1.0
0.784358,0.231224,1.0
0.756521,0.243286,1.0
0.719458,0.243308,1.0
0.785149,0.052221,1.0
0.748149,0.125652,1.0
0.901009,-0.0940318,1.0
0.817787,-0.229197,1.0
1.13899,1.37544,1.0
1.33003,1.69537,1.0
1.30716,1.16261,1.0
1.73687,0.938103,1.0
1.19108,0.97283,1.0
-0.975943,1.65804,1.0
-1.1777,1.37558,1.0
-0.896503,1.3601,1.0
-1.67878,-1.06299,1.0
-1.39028,-1.21587,1.0
-1.38312,-0.810955,1.0
-1.05039,1.15186,1.0
-1.30616,1.11071,1.0
-1.14605,0.953167,1.0
-1.4892,1.32438,1.0
1.40558,-0.128798,1.0
-1.36673,0.855047,1.0
0.777111,-0.103389,1.0
0.754712,-0.0850265,1.0
0.768867,-0.123331,1.0
-0.535391,-1.69988,1.0
0.726805,-0.298332,1.0
0.712616,-0.319661,1.0
0.68918,-0.318276,1.0
0.78339,0.0301992,1.0
-1.34199,-1.52306,1.0
-0.263813,-0.879149,1.0
-0.318249,-0.814244,1.0
0.774643,-0.390221,1.0
0.816295,-0.456329,1.0
0.0535143,-0.855387,1.0
0.000808874,-0.822029,1.0
-0.859272,-1.41025,1.0
-0.938763,-1.1815,1.0
-1.05192,-0.977056,1.0
0.746678,-0.126415,1.0
0.681493,-0.560161,1.0
0.819684,0.165182,1.0
0.860073,0.160532,1.0
1.67868,-1.37165,1.0
1.36544,-1.24005,1.0
1.36743,-0.892192,1.0
0.77481,0.100135,1.0
0.781054,0.261034,1.0
0.753655,0.270831,1.0
0.818281,0.246422,1.0
0.276796,-0.795744,1.0
0.23323,-0.774334,1.0
-1.48998,0.411486,1.0
0.550601,1.7092,1.0
-1.07956,-0.648393,1.0
-1.23814,-0.558439,1.0
-0.368017,0.869404,1.0
-0.299798,0.69743,1.0
-0.446352,0.795947,1.0
-0.372003,0.66116,1.0
-0.363463,0.783515,1.0
-0.297575,0.853556,1.0
1.51085,0.436841,1.0
1.39498,0.62939,1.0
-0.452336,1.46723,1.0
0.688106,-0.370242,1.0
0.697567,-0.350388,1.0
0.890798,0.039024,1.0
1.18499,0.275129,1.0
-0.843936,1.16558,1.0
-0.658366,1.2884,1.0
0.7371,0.257564,1.0
0.732983,0.277573,1.0
0.745905,0.295725,1.0
0.705203,0.28119,1.0
0.72087,0.298946,1.0
0.73633,0.31886,1.0
0.712393,0.322305,1.0
0.725702,0.343992,1.0
0.756401,0.340263,1.0
0.743432,0.36998,1.0
0.709927,0.369471,1.0
0.671246,0.354489,1.0
0.726156,0.398827,1.0
0.691689,0.398528,1.0
0.653051,0.389215,1.0
0.763453,0.407126,1.0
0.708632,0.426945,1.0
0.675489,0.426662,1.0
0.689187,0.318274,1.0
0.705227,0.343883,1.0
0.695368,0.455747,1.0
0.658919,0.45438,1.0
0.630117,0.425177,1.0
0.680195,0.484443,1.0
0.642728,0.485021,1.0
0.660662,0.512942,1.0
0.630571,0.515363,1.0
0.605594,0.454962,1.0
0.644304,0.542975,1.0
0.60888,0.540235,1.0
0.627461,0.575307,1.0
0.592426,0.573711,1.0
0.605335,0.602468,1.0
0.563789,0.600679,1.0
0.604425,0.646635,1.0
0.545975,0.641755,1.0
0.52708,0.611271,1.0
0.508632,0.63698,1.0
0.547845,0.574179,1.0
0.575845,0.543685,1.0
0.555713,0.520017,1.0
0.590498,0.519605,1.0
0.580782,0.488066,1.0
0.498021,0.60903,1.0
0.479832,0.631442,1.0
0.488117,0.654501,1.0
0.458326,0.651878,1.0
0.470022,0.683256,1.0
0.440372,0.67799,1.0
0.456092,0.605566,1.0
0.450683,0.711538,1.0
0.417324,0.696379,1.0
0.419202,0.728522,1.0
0.486539,0.580512,1.0
0.384448,0.730798,1.0
0.375698,0.700209,1.0
0.356396,0.720751,1.0
0.354934,0.669963,1.0
0.401503,0.674947,1.0
0.389472,0.651022,1.0
0.673256,0.577086,1.0
0.604313,0.498084,1.0
0.433839,0.651813,1.0
0.425101,0.63261,1.0
0.773743,0.292959,1.0
0.632876,0.46125,1.0
0.512697,0.589018,1.0
0.489894,0.715111,1.0
0.353385,0.697033,1.0
0.335175,0.712023,1.0
0.334333,0.731853,1.0
0.312362,0.722807,1.0
0.280284,0.706494,1.0
0.311224,0.751796,1.0
0.285217,0.73948,1.0
0.28691,0.764148,1.0
0.257731,0.757698,1.0
0.243251,0.71758,1.0
0.262956,0.787494,1.0
0.230157,0.774113,1.0
0.232515,0.810866,1.0
0.200847,0.793736,1.0
0.317329,0.68815,1.0
0.201131,0.762806,1.0
0.175681,0.77831,1.0
0.170321,0.808707,1.0
0.144619,0.787752,1.0
0.124445,0.747151,1.0
0.166135,0.743596,1.0
0.204391,0.730362,1.0
0.137741,0.822625,1.0
0.112945,0.801615,1.0
0.11877,0.77675,1.0
0.0909854,0.781832,1.0
0.0848014,0.803895,1.0
0.0626308,0.786823,1.0
0.0558838,0.815136,1.0
0.0338411,0.793077,1.0
0.0262033,0.817539,1.0
0.00223078,0.797832,1.0
-0.00388118,0.82983,1.0
-0.028861,0.80775,1.0
-0.0414084,0.840586,1.0
-0.0674179,0.812728,1.0
-0.0773034,0.843467,1.0
-0.105608,0.817466,1.0
-0.114513,0.871083,1.0
-0.148384,0.828568,1.0
-0.134916,0.792104,1.0
-0.169732,0.798794,1.0
-0.125895,0.747367,1.0
-0.10348,0.784807,1.0
-0.0856567,0.753778,1.0
0.085319,0.753226,1.0
-0.0703024,0.784757,1.0
-0.0457746,0.756454,1.0
-0.158779,0.771549,1.0
-0.18801,0.772319,1.0
-0.202405,0.799558,1.0
-0.219478,0.770527,1.0
-0.205715,0.731884,1.0
-0.165775,0.742644,1.0
-0.236392,0.800965,1.0
-0.250974,0.768374,1.0
-0.0533938,0.887826,1.0
-0.234945,0.751269,1.0
-0.243057,0.718639,1.0
-0.266306,0.743038,1.0
-0.281717,0.768671,1.0
-0.293293,0.739787,1.0
-0.281467,0.703192,1.0
-0.313504,0.760685,1.0
-0.321987,0.735703,1.0
0.222934,0.750083,1.0
-0.0192237,0.781127,1.0
-0.0465826,0.784812,1.0
-0.120352,0.771512,1.0
0.653513,0.432516,1.0
-0.305113,0.720461,1.0
-0.318128,0.688866,1.0
-0.326913,0.70951,1.0
-0.347603,0.726916,1.0
-0.352886,0.700825,1.0
-0.371778,0.717813,1.0
-0.35404,0.671283,1.0
-0.377908,0.691371,1.0
-0.393386,0.70561,1.0
-0.399405,0.682614,1.0
-0.41884,0.697096,1.0
-0.43211,0.672886,1.0
-0.451417,0.690272,1.0
-0.423593,0.629408,1.0
-0.45411,0.659005,1.0
-0.389472,0.651022,1.0
-0.481738,0.678728,1.0
-0.483952,0.647545,1.0
-0.477954,0.715454,1.0
-0.400574,0.732757,1.0
-0.463939,0.63399,1.0
-0.456549,0.604392,1.0
-0.485438,0.619914,1.0
-0.511094,0.634328,1.0
-0.508827,0.605256,1.0
-0.530845,0.617311,1.0
-0.531561,0.589866,1.0
-0.55693,0.604233,1.0
-0.518286,0.553983,1.0
-0.556889,0.577048,1.0
-0.578963,0.58712,1.0
-0.583109,0.557418,1.0
-0.612427,0.573217,1.0
-0.610721,0.537791,1.0
-0.488325,0.58287,1.0
-0.645301,0.556195,1.0
-0.643933,0.602105,1.0
-0.585457,0.623684,1.0
-0.642111,0.518602,1.0
-0.612819,0.503219,1.0
-0.638051,0.487156,1.0
-0.606339,0.456766,1.0
-0.589527,0.519651,1.0
-0.568692,0.535711,1.0
-0.547363,0.525933,1.0
-0.616413,0.477614,1.0
-0.635128,0.46263,1.0
-0.660187,0.468469,1.0
-0.650713,0.442092,1.0
-0.674229,0.447651,1.0
-0.668896,0.421896,1.0
-0.696454,0.429059,1.0
-0.651373,0.38968,1.0
-0.690325,0.399303,1.0
-0.714096,0.406423,1.0
-0.710786,0.376901,1.0
-0.743661,0.385224,1.0
-0.734115,0.350499,1.0
-0.628657,0.423496,1.0
-0.773469,0.359095,1.0
-0.761166,0.322622,1.0
-0.781921,0.407804,1.0
-0.729687,0.319509,1.0
-0.687635,0.318138,1.0
-0.74649,0.291398,1.0
-0.703493,0.279385,1.0
-0.783322,0.29218,1.0
-0.766678,0.263045,1.0
-0.732154,0.437839,1.0
-0.70997,0.337756,1.0
-0.697401,0.355915,1.0
-0.66935,0.354615,1.0
-0.738916,0.261189,1.0
-0.719135,0.243248,1.0
-0.751287,0.237884,1.0
-0.774208,0.235875,1.0
-0.763921,0.213843,1.0
-0.79078,0.209929,1.0
-0.773056,0.185582,1.0
-0.741853,0.16669,1.0
-0.798647,0.181513,1.0
-0.782492,0.153592,1.0
-0.816884,0.15292,1.0
-0.795993,0.127987,1.0
-0.829528,0.116901,1.0
-0.815573,0.0876626,1.0
-0.73316,0.205101,1.0
-0.846398,0.07865,1.0
-0.825614,0.046423,1.0
-0.796842,0.0534714,1.0
-0.801319,0.0247691,1.0
-0.778641,0.0887378,1.0
-0.752761,0.0845395,1.0
-0.770448,0.130185,1.0
-0.751916,0.127163,1.0
-0.836038,0.0139486,1.0
-0.810151,-0.00819268,1.0
-0.784059,0.00203884,1.0
-0.786399,-0.0262042,1.0
-0.812026,-0.0392685,1.0
-0.758654,-0.0464122,1.0
-0.787753,-0.0551851,1.0
-0.813756,-0.0687017,1.0
-0.788019,-0.0843319,1.0
-0.81512,-0.0984815,1.0
-0.845534,-0.0802884,1.0
-0.789504,-0.11601,1.0
-0.815714,-0.128914,1.0
-0.75161,-0.124248,1.0
-0.789286,-0.14567,1.0
-0.812801,-0.158554,1.0
-0.789375,-0.179193,1.0
-0.828191,-0.189582,1.0
-0.791144,-0.212543,1.0
-0.754619,-0.0857277,1.0
-0.849438,-0.143103,1.0
-0.764078,-0.197479,1.0
-0.731174,-0.203748,1.0
-0.762411,-0.228497,1.0
-0.781971,-0.242485,1.0
-0.758914,-0.254255,1.0
-0.779276,-0.274,1.0
-0.750475,-0.294943,1.0
-0.717838,-0.241704,1.0
-0.762589,-0.16899,1.0
-0.777904,-0.312039,1.0
-0.745596,-0.324897,1.0
-0.740866,-0.164756,1.0
-0.725383,-0.304711,1.0
-0.703193,-0.281468,1.0
-0.71728,-0.33194,1.0
-0.733345,-0.349057,1.0
-0.707608,-0.358725,1.0
-0.670827,-0.35427,1.0
-0.728216,-0.380098,1.0
-0.696795,-0.387473,1.0
-0.689186,-0.318273,1.0
-0.717958,-0.412337,1.0
-0.687871,-0.416185,1.0
-0.762099,-0.398601,1.0
-0.673344,-0.397805,1.0
-0.651463,-0.389733,1.0
-0.66218,-0.418263,1.0
-0.674504,-0.4408,1.0
-0.628911,-0.422023,1.0
-0.651053,-0.44278,1.0
-0.662327,-0.464297,1.0
-0.634731,-0.462995,1.0
-0.647719,-0.488709,1.0
-0.679973,-0.490394,1.0
-0.661661,-0.520112,1.0
-0.625659,-0.513263,1.0
-0.63932,-0.550108,1.0
-0.605494,-0.541592,1.0
-0.605935,-0.456465,1.0
-0.676546,-0.550243,1.0
-0.594652,-0.513355,1.0
-0.580782,-0.488066,1.0
-0.576172,-0.535288,1.0
-0.584224,-0.562145,1.0
-0.553983,-0.518286,1.0
-0.556716,-0.554058,1.0
-0.562949,-0.579611,1.0
-0.53767,-0.571373,1.0
-0.543681,-0.596722,1.0
-0.518981,-0.588483,1.0
-0.522785,-0.615255,1.0
-0.442361,-0.619141,1.0
-0.488064,-0.579233,1.0
-0.550693,-0.625643,1.0
-0.527318,-0.646488,1.0
-0.496687,-0.634853,1.0
-0.499162,-0.669133,1.0
-0.535429,-0.684705,1.0
-0.499903,-0.709338,1.0
-0.463825,-0.685162,1.0
-0.460429,-0.728976,1.0
-0.427285,-0.70536,1.0
-0.427877,-0.670332,1.0
-0.423783,-0.627909,1.0
-0.453547,-0.655965,1.0
-0.405127,-0.686053,1.0
-0.395776,-0.71282,1.0
-0.392937,-0.653832,1.0
-0.370317,-0.701016,1.0
-0.368413,-0.727521,1.0
-0.35592,-0.673021,1.0
-0.345441,-0.706118,1.0
-0.318066,-0.688732,1.0
-0.341906,-0.737497,1.0
-0.362768,-0.760184,1.0
-0.31985,-0.71851,1.0
-0.316139,-0.747598,1.0
-0.294519,-0.730055,1.0
-0.290643,-0.757694,1.0
-0.281099,-0.703677,1.0
-0.26921,-0.739976,1.0
-0.265213,-0.767797,1.0
-0.243057,-0.718639,1.0
-0.243519,-0.749189,1.0
-0.240155,-0.772548,1.0
-0.217017,-0.759412,1.0
-0.213828,-0.787689,1.0
-0.194514,-0.77006,1.0
-0.166174,-0.743115,1.0
-0.20477,-0.729859,1.0
-0.253361,-0.799229,1.0
-0.185008,-0.79476,1.0
-0.160401,-0.782128,1.0
-0.542755,-0.725045,1.0
-0.609028,-0.496008,1.0
-0.215718,-0.819639,1.0
-0.588572,-0.593382,1.0
-0.419518,-0.743128,1.0
-0.731675,-0.281986,1.0
-0.843331,-0.024485,1.0
-0.766909,-0.146994,1.0
-0.704592,-0.442959,1.0
-0.879055,0.119717,1.0
-0.513559,0.664338,1.0
-0.735601,-0.259886,1.0
-0.767243,-0.354573,1.0
-0.778848,0.0245158,1.0
-0.441868,0.639905,1.0
-0.8168,-0.244159,1.0
-0.861116,-0.224835,1.0
-0.406327,-0.663262,1.0
-0.203363,0.755914,1.0
0.685997,0.371657,1.0
-0.873221,0.0363792,1.0
-0.274254,0.805458,1.0
0.24318,0.743716,1.0
0.617412,0.47947,1.0
-0.427751,0.654078,1.0
-0.433805,-0.649,1.0
0.199927,0.832587,1.0
-0.800711,0.328156,1.0
0.669952,0.405036,1.0
-0.537808,0.567118,1.0
-0.551379,0.552921,1.0
0.13757,0.768167,1.0
-0.834252,0.204577,1.0
-0.726955,0.279527,1.0
0.781645,-0.0764713,1.0
-0.537844,-0.552756,1.0
0.240065,0.854045,1.0
1.15389,-1.04086,1.0
-0.25482,0.836851,1.0
0.159391,0.760602,1.0
0.179401,0.752939,1.0
0.458784,0.631725,1.0
-0.7636,0.16281,1.0
-0.771899,-0.100301,1.0
-0.768612,-0.120524,1.0
0.0149842,0.777889,1.0
0.0187237,-1.10143,1.0
0.109714,-1.15495,1.0
0.00449897,-1.24428,1.0
-0.161405,-1.24967,1.0
-0.0786347,-1.43622,1.0
1.14703,-1.44667,1.0
0.18539,-0.998032,1.0
0.230773,-1.10065,1.0
-0.387826,-0.669877,1.0
-0.37008,-0.678635,1.0
-0.355049,-0.690252,1.0
-0.81691,-0.296812,1.0
-0.27621,0.72719,1.0
0.362544,1.36162,1.0
-0.510556,0.79573,1.0
-0.688977,-0.36813,1.0
0.62924,-0.795205,1.0
-1.4983,-0.403889,1.0
-0.655546,-0.597716,1.0
1.43618,-0.376149,1.0
-0.5,-0.605559,1.0
-0.483439,-0.617683,1.0
-0.456465,-0.605935,1.0
-0.448826,-0.779174,1.0
-0.45231,1.25233,1.0
0.635144,0.440085,1.0
-0.511691,0.585054,1.0
-0.717541,0.298037,1.0
0.752855,-0.198035,1.0
-0.217779,0.742284,1.0
0.762697,-0.167948,1.0
-0.801665,-0.439754,1.0
-0.445917,-0.634713,1.0
-0.468619,-0.633632,1.0
-0.708114,0.315194,1.0
-0.777801,0.044514,1.0
-0.765077,0.0237727,1.0
0.767266,-0.148696,1.0
0.314001,0.793171,1.0
0.570152,0.523422,1.0
-0.196995,-0.749796,1.0
-0.178871,-0.75263,1.0
-0.159608,-0.75954,1.0
-0.139435,-0.770623,1.0
-0.125715,-0.74866,1.0
-0.140724,-0.796049,1.0
-0.115109,-0.779427,1.0
-0.118704,-0.811872,1.0
-0.0937278,-0.797796,1.0
-0.0925123,-0.775515,1.0
-0.0755292,-0.783093,1.0
-0.0857412,-0.754324,1.0
0.773149,0.067217,1.0
-1.37536,-0.234981,1.0
-1.44588,-0.0312853,1.0
-0.769233,-0.0142893,1.0
0.477597,0.609558,1.0
0.742994,0.227555,1.0
-0.668176,0.401425,1.0
-0.675144,0.386429,1.0
0.871702,0.446794,1.0
-0.760785,0.0452292,1.0
0.749876,0.198188,1.0
-0.15645,0.907551,1.0
-0.698258,-0.34008,1.0
0.354277,0.754705,1.0
-0.593046,0.501003,1.0
-0.669499,0.498626,1.0
-0.489955,0.597713,1.0
0.78097,1.51909,1.0
0.0423164,0.855162,1.0
-0.750863,0.176651,1.0
-0.748096,0.19727,1.0
0.610565,-0.474609,1.0
-0.743467,0.216389,1.0
-0.277165,-0.723029,1.0
0.668049,-0.398706,1.0
0.555933,0.534877,1.0
0.554356,0.553848,1.0
0.566527,0.683891,1.0
0.0460815,0.775924,1.0
1.44541,-0.634367,1.0
-0.648115,0.421381,1.0
-0.173945,0.756969,1.0
-0.74815,-0.21344,1.0
0.442665,0.633469,1.0
0.622029,0.712373,1.0
0.669414,0.386469,1.0
0.951495,0.0694504,1.0
-0.555818,-0.534342,1.0
-0.708547,-0.314594,1.0
-0.546491,1.12204,1.0
0.765916,0.115206,1.0
0.760961,0.0926576,1.0
0.547131,0.525707,1.0
-0.526243,0.547668,1.0
0.526012,-0.547961,1.0
0.53709,-0.553316,1.0
0.547731,-0.54095,1.0
-0.546278,-0.524944,1.0
0.532849,0.539989,1.0
0.543831,0.543714,1.0
0.533859,0.556316,1.0
0.527474,0.574266,1.0
0.539989,-0.532849,1.0
-0.540456,0.533302,1.0
-0.533997,-0.540671,1.0
0.380653,0.676893,1.0
-0.74261,-0.230249,1.0
-0.802519,0.251021,1.0
-0.551478,0.536989,1.0
-0.685409,0.327303,1.0
0.327206,0.684436,1.0
0.336271,0.691677,1.0
0.684557,0.327264,1.0
-0.327428,0.68489,1.0
-0.33652,0.692669,1.0
-0.348472,0.684642,1.0
-0.327409,-0.684873,1.0
-0.326801,-0.698541,1.0
-0.312742,-0.701323,1.0
0.684976,-0.327457,1.0
0.698073,-0.326138,1.0
0.327058,-0.685449,1.0
0.337071,-0.692946,1.0
0.35427,-0.670827,1.0
0.322892,-0.698617,1.0
0.337034,-0.709139,1.0
0.320227,-0.71621,1.0
0.352106,-0.699286,1.0
0.35457,-0.720287,1.0
-0.68657,-0.328469,1.0
-0.686133,-0.352209,1.0
-0.674971,0.347097,1.0
0.34682,0.679321,1.0
-0.34537,-0.675602,1.0
0.67644,0.34547,1.0
0.68314,0.354977,1.0
0.345543,-0.675929,1.0
0.355782,-0.683534,1.0
0.369098,-0.692262,1.0
0.367584,-0.677575,1.0
0.384938,-0.681908,1.0
0.389472,-0.651022,1.0
-0.344309,0.674303,1.0
0.675811,-0.345293,1.0
-0.675483,-0.345309,1.0
0.524959,0.546327,1.0
-0.59388,-0.692083,1.0
0.652475,0.413627,1.0
0.730543,-0.253843,1.0
-0.646092,0.398356,1.0
-0.654842,0.408276,1.0
0.398478,0.644265,1.0
0.405124,0.654878,1.0
-0.398816,-0.644433,1.0
0.646153,-0.398336,1.0
0.654639,-0.409476,1.0
0.644254,-0.421192,1.0
0.646808,0.399314,1.0
-0.398849,0.646406,1.0
-0.397899,0.663084,1.0
-0.385776,0.664447,1.0
0.399727,-0.646827,1.0
0.400965,-0.659816,1.0
0.387853,-0.665263,1.0
-0.645971,-0.398167,1.0
-0.635064,0.415226,1.0
-0.415226,-0.635064,1.0
-0.418782,-0.64935,1.0
0.636676,0.415282,1.0
0.415094,0.635113,1.0
-0.414285,0.636152,1.0
0.635064,-0.415226,1.0
0.415361,-0.636873,1.0
0.426477,-0.643748,1.0
0.437568,-0.632417,1.0
-0.635249,-0.414719,1.0
-0.600005,0.46464,1.0
0.465079,0.602364,1.0
-0.46449,-0.599805,1.0
0.599805,-0.46449,1.0
-0.586999,0.478737,1.0
-0.598252,0.485052,1.0
-0.480376,-0.587331,1.0
-0.483183,-0.599082,1.0
0.480526,0.587849,1.0
0.588201,-0.48092,1.0
0.601677,-0.485221,1.0
0.601853,-0.503677,1.0
-0.738136,0.175134,1.0
0.17533,0.738894,1.0
0.738944,0.175598,1.0
0.752778,0.171655,1.0
0.752445,0.157475,1.0
-0.175373,-0.738745,1.0
-0.176499,0.740918,1.0
0.738136,-0.175134,1.0
0.749758,-0.182785,1.0
0.174755,-0.739146,1.0
0.182974,-0.748696,1.0
0.203182,-0.729668,1.0
0.167863,-0.751203,1.0
0.17942,-0.763532,1.0
0.158667,-0.769833,1.0
0.196562,-0.75824,1.0
0.145921,-0.797229,1.0
0.132328,-0.774335,1.0
0.125652,-0.748149,1.0
-0.738707,-0.175168,1.0
-0.748897,-0.18272,1.0
-0.752744,-0.157181,1.0
0.795037,0.328461,1.0
-0.00240291,0.774793,1.0
0.0186511,0.764987,1.0
-0.526319,-0.548417,1.0
0.601183,0.46325,1.0
0.464572,-0.599911,1.0
0.477348,-0.606372,1.0
0.462959,-0.614623,1.0
0.477118,-0.62175,1.0
0.464628,-0.632458,1.0
0.48334,-0.641802,1.0
0.485064,-0.597501,1.0
-0.464572,0.599911,1.0
-0.464855,0.613555,1.0
-0.600455,-0.465621,1.0
-0.615616,-0.467097,1.0
-0.619965,-0.454246,1.0
-0.625294,-0.483106,1.0
0.480292,-0.587227,1.0
0.586946,0.478742,1.0
-0.480292,0.587227,1.0
-0.587227,-0.480292,1.0
-0.715907,0.252807,1.0
0.25258,0.716275,1.0
0.260125,0.723426,1.0
0.274512,0.719034,1.0
0.291924,0.715694,1.0
-0.25326,-0.716102,1.0
-0.251846,-0.730124,1.0
-0.237029,-0.730989,1.0
-0.224738,-0.74,1.0
0.715827,0.252594,1.0
0.716937,-0.254517,1.0
-0.253111,0.716068,1.0
-0.251976,0.729402,1.0
-0.236894,0.7326,1.0
-0.716264,-0.250956,1.0
0.756805,0.13857,1.0
-0.518823,-0.569588,1.0
0.860989,0.110219,1.0
0.511243,0.560849,1.0
-0.631924,-0.445029,1.0
-1.45639,0.631049,1.0
-0.0151716,0.758682,1.0
0.759017,-0.0151632,1.0
0.76954,-0.0207101,1.0
0.76836,-0.0360156,1.0
-0.757171,-0.0149063,1.0
0.318123,-0.688854,1.0
-0.75257,0.0956832,1.0
-0.764595,0.100528,1.0
0.0956832,0.75257,1.0
0.104092,0.762833,1.0
-0.0957668,-0.753186,1.0
0.752856,-0.0956739,1.0
-0.0964556,0.753844,1.0
-0.0918839,0.764508,1.0
-0.0765995,0.765623,1.0
0.0957001,-0.752704,1.0
0.102843,-0.764017,1.0
0.0872558,-0.764723,1.0
0.0987336,-0.780684,1.0
0.0759144,-0.78059,1.0
0.0904334,-0.798946,1.0
0.0655066,-0.802664,1.0
0.0520956,-0.784291,1.0
0.0443523,-0.756142,1.0
0.0807944,-0.826427,1.0
0.0395418,-0.80165,1.0
0.030718,-0.780518,1.0
0.116318,-0.760637,1.0
-0.752856,-0.0957124,1.0
-0.51011,-0.560008,1.0
0.492638,0.589763,1.0
0.76472,-0.0914955,1.0
0.764044,-0.0763871,1.0
0.77036,-0.0628072,1.0
-1.13907,-1.36293,1.0
0.580484,-0.48903,1.0
0.563527,0.511262,1.0
0.431056,-0.622559,1.0
0.707675,0.520852,1.0
0.165323,-0.740534,1.0
0.455699,-0.604932,1.0
-0.741315,-0.154963,1.0
0.574761,0.496909,1.0
0.587478,0.499434,1.0
-0.510919,0.561029,1.0
0.118071,-0.796674,1.0
0.380839,-0.656266,1.0
-0.495842,-0.574336,1.0
-0.497828,-0.586878,1.0
-0.583033,0.490194,1.0
0.410721,0.769151,1.0
-0.381361,-0.656909,1.0
-0.433376,-0.6252,1.0
-0.455186,-0.620628,1.0
-0.778169,0.0671634,1.0
-0.855917,-0.337448,1.0
-0.497019,0.575815,1.0
0.567686,-0.503444,1.0
0.58248,-0.506575,1.0
-0.448359,-0.611958,1.0
-0.155422,0.742538,1.0
-0.233187,0.720949,1.0
0.562101,-0.529522,1.0
0.553983,-0.518286,1.0
0.309393,-0.69316,1.0
0.0855861,-0.752531,1.0
0.510957,-0.560933,1.0
0.517185,-0.572249,1.0
0.504622,-0.581821,1.0
0.49771,-0.613254,1.0
-0.363448,-0.666415,1.0
-0.561387,-0.511948,1.0
-0.574476,-0.515483,1.0
-0.581491,-0.502711,1.0
0.612339,0.448436,1.0
0.613685,0.461603,1.0
-0.380023,0.654794,1.0
0.398284,-0.674589,1.0
0.401921,-0.695713,1.0
0.498551,0.576151,1.0
0.448439,-0.612067,1.0
-0.772697,-0.069823,1.0
0.742538,0.155422,1.0
0.722789,0.233787,1.0
0.155862,-0.742802,1.0
0.363168,-0.666053,1.0
-0.448439,0.612067,1.0
-0.290382,-0.701904,1.0
-0.300862,-0.710744,1.0
-0.272686,-0.711285,1.0
-0.75684,-0.137498,1.0
-0.568377,0.503751,1.0
-0.571012,0.517367,1.0
0.623677,0.431908,1.0
-0.308225,-0.691406,1.0
0.431985,0.623787,1.0
-0.309033,0.693296,1.0
-0.552133,0.517957,1.0
-0.623787,0.431984,1.0
-0.628696,0.444421,1.0
-0.363238,0.667461,1.0
-0.373686,0.673517,1.0
-0.696033,-0.308762,1.0
0.495754,-0.574235,1.0
-0.722174,-0.233406,1.0
-0.730226,-0.242993,1.0
0.69351,0.309126,1.0
0.135336,-0.747793,1.0
0.142982,-0.75901,1.0
0.115278,-0.748487,1.0
0.516084,0.672692,1.0
0.742384,-0.226985,1.0
0.449716,0.612669,1.0
-0.431998,0.62381,1.0
-0.749279,-0.114157,1.0
-0.915761,-0.239166,1.0
0.728315,0.214331,1.0
0.736389,0.194189,1.0
-0.573047,-0.494868,1.0
0.21417,-0.727769,1.0
0.223072,-0.738596,1.0
0.242375,-0.720382,1.0
0.236531,-0.730754,1.0
0.251397,-0.73144,1.0
0.241656,-0.74876,1.0
0.264047,-0.747127,1.0
0.269392,-0.724229,1.0
0.285296,-0.741954,1.0
0.281016,-0.704776,1.0
0.288252,-0.722601,1.0
0.308549,-0.733324,1.0
0.304397,-0.759191,1.0
0.194652,-0.733581,1.0
0.205729,-0.741009,1.0
0.21841,-0.756343,1.0
0.612719,-0.44926,1.0
0.628596,-0.452344,1.0
0.632434,-0.437736,1.0
-0.656536,0.381003,1.0
0.38169,0.65472,1.0
-0.153374,-0.745187,1.0
-0.727932,-0.214069,1.0
-0.742725,-0.198408,1.0
-0.0050506,0.758747,1.0
-0.73187,-0.194421,1.0
-0.214265,0.727891,1.0
-0.194393,0.735094,1.0
0.701118,0.290412,1.0
0.708485,0.271601,1.0
-0.611958,0.448359,1.0
-0.758747,-0.0050506,1.0
-0.722953,0.233495,1.0
-0.73238,0.242772,1.0
-0.29061,0.701157,1.0
-0.28811,0.715359,1.0
-0.272496,0.711707,1.0
1.55667,0.0256841,1.0
-0.700882,-0.290314,1.0
-0.713958,-0.287167,1.0
-0.708474,-0.272137,1.0
0.656417,0.380348,1.0
-0.1356,0.746411,1.0
-0.145246,0.75605,1.0
-0.116674,0.754197,1.0
-0.729318,0.216507,1.0
-0.733854,0.194592,1.0
-0.656266,-0.380839,1.0
-0.21485,-0.729735,1.0
-0.197162,-0.735271,1.0
-0.667058,-0.364571,1.0
-0.666337,0.363512,1.0
-0.679306,0.360365,1.0
-0.625636,-0.431426,1.0
0.290365,0.701005,1.0
0.270989,0.707819,1.0
-0.611747,-0.448281,1.0
0.290498,-0.70121,1.0
0.301319,-0.712619,1.0
0.271541,-0.709382,1.0
0.745192,0.135623,1.0
0.751557,0.117005,1.0
0.365744,0.667886,1.0
0.362872,0.681884,1.0
0.742659,-0.155076,1.0
0.0554928,-0.756596,1.0
0.0351462,-0.758202,1.0
0.233164,-0.721209,1.0
0.666277,0.363326,1.0
-1.28646,0.478022,1.0
0.30887,0.692906,1.0
0.304216,0.704918,1.0
0.746392,-0.136198,1.0
-0.13551,-0.746843,1.0
0.753027,-0.118457,1.0
-0.115781,-0.750405,1.0
-0.123356,-0.760818,1.0
-0.743051,0.154917,1.0
0.0760584,-0.75511,1.0
0.153283,0.745206,1.0
-0.0551235,0.757719,1.0
-0.0604016,0.769861,1.0
-0.0353392,0.757938,1.0
-0.0325326,0.770053,1.0
-0.757556,-0.075267,1.0
-0.767744,-0.0557284,1.0
-0.772158,-0.0415165,1.0
0.23351,0.72194,1.0
0.215868,0.730713,1.0
0.196023,0.735419,1.0
0.193961,0.746995,1.0
0.758927,0.0664978,1.0
0.766749,0.0550973,1.0
0.691062,-0.309169,1.0
0.709556,-0.339103,1.0
-0.508884,0.698242,1.0
-0.694058,0.311837,1.0
-0.703522,0.288697,1.0
-0.70836,0.271554,1.0
-0.233472,-0.721223,1.0
-0.74621,0.13594,1.0
-0.756742,0.144166,1.0
-0.761095,0.115487,1.0
-0.778114,0.112053,1.0
-0.749756,0.115682,1.0
-0.0754643,0.753538,1.0
0.758133,-0.0559735,1.0
0.756434,-0.035307,1.0
-1.17157,-0.798005,1.0
0.669915,-0.364607,1.0
0.730422,-0.21569,1.0
0.742953,-0.213079,1.0
0.732175,-0.237973,1.0
0.731687,-0.195372,1.0
0.134905,0.746713,1.0
0.115682,0.749756,1.0
-0.756336,-0.0553812,1.0
-0.759303,-0.0356,1.0
0.622928,-0.431147,1.0
0.756383,0.0554548,1.0
0.757938,0.0353392,1.0
0.770048,0.0397707,1.0
0.81291,-0.34204,1.0
0.876037,-0.344217,1.0
0.701005,-0.290365,1.0
0.70836,-0.271554,1.0
0.716514,-0.282431,1.0
0.721313,-0.233767,1.0
0.754647,-0.0756085,1.0
0.756835,0.0243436,1.0
0.758747,0.00505059,1.0
0.770181,-0.000153089,1.0
0.656917,-0.381412,1.0
0.670897,-0.38228,1.0
0.763018,-0.111855,1.0
-0.672785,-0.378001,1.0
0.00567484,-0.759581,1.0
0.000498717,-0.772022,1.0
-0.0153924,-0.769741,1.0
-0.00987852,-0.784433,1.0
-0.0314079,-0.78389,1.0
0.0158589,-0.769466,1.0
0.010915,-0.7909,1.0
-0.0151505,-0.758612,1.0
-0.753384,0.0763262,1.0
0.872534,-0.233071,1.0
0.932858,-0.220345,1.0
-0.767431,-0.0820378,1.0
-0.941392,0.139473,1.0
-0.825621,0.293427,1.0
-0.075628,-0.754986,1.0
-0.0552546,-0.756815,1.0
-0.0648437,-0.76662,1.0
-0.0456737,-0.76802,1.0
-0.0252427,-0.758208,1.0
-0.693023,0.337987,1.0
-0.045212,-0.755982,1.0
-0.1853,0.83266,1.0
-0.592995,-0.492802,1.0
0.209996,-0.776289,1.0
0.696684,0.328877,1.0
0.596366,0.484381,1.0
-0.641188,-0.425774,1.0
0.0930852,0.833044,1.0
0.133034,0.862706,1.0
0.0762225,0.756387,1.0
0.0731388,0.770113,1.0
0.0556434,0.756157,1.0
0.257124,-0.771825,1.0
0.0442744,-0.767503,1.0
0.722079,0.263588,1.0
-0.316045,-0.776774,1.0
0.0450996,0.761198,1.0
-0.872841,-0.0542563,1.0
-0.887066,-0.115743,1.0
0.820712,0.201237,1.0
-0.512587,-0.767124,1.0
-0.173057,1.47184,1.0
0.836805,-0.286002,1.0
0.784461,0.369573,1.0
0.733896,0.241119,1.0
-0.344493,0.755106,1.0
-0.537682,0.552086,1.0
0.450753,-0.624302,1.0
-0.557843,-0.656464,1.0
0.6827,-0.355054,1.0
-0.308664,0.705403,1.0
0.74131,0.211785,1.0
0.961394,0.972431,1.0
1.07251,0.836535,1.0
-1.26699,-1.00159,1.0
0.911381,-1.33665,1.0
-0.587945,-0.76745,1.0
0.757942,-0.58925,1.0
0.800473,-0.529518,1.0
-1.4389,-0.611051,1.0
0.061573,-0.769286,1.0
-0.362283,0.681943,1.0
-0.615231,-0.575466,1.0
-0.836706,0.436625,1.0
-0.658158,-0.39954,1.0
-0.703352,-0.521449,1.0
-0.726878,-0.569741,1.0
0.419702,0.667187,1.0
-0.0179716,-0.804443,1.0
-0.0466271,-0.809229,1.0
-0.0314805,-0.836616,1.0
-0.772593,-0.620612,1.0
-0.724046,0.261109,1.0
0.526047,-0.58796,1.0
0.786101,0.984963,1.0
-0.520653,0.569149,1.0
-1.24941,0.658634,1.0
-0.982817,0.809426,1.0
0.911201,0.1866,1.0
-1.69181,1.53507,1.0
-0.106282,0.76501,1.0
0.123989,0.759148,1.0
0.708842,-0.301277,1.0
-0.189088,0.748457,1.0
-0.699795,-0.325106,1.0
-0.637038,0.430631,1.0
-0.695786,0.632545,1.0
0.597358,-0.665152,1.0
-0.618115,0.459305,1.0
-0.411132,-1.1275,1.0
0.0158748,-1.64565,1.0
0.0311899,0.769697,1.0
-0.0810017,-0.766121,1.0
-0.778343,0.453742,1.0
0.70548,0.308696,1.0
-0.26818,-1.39611,1.0
-0.102153,-0.763587,1.0
0.444535,-0.653758,1.0
0.413386,-0.651099,1.0
0.721739,-0.267069,1.0
-0.688235,0.539115,1.0
-0.165175,0.864889,1.0
0.254159,-0.717073,1.0
-0.209255,-0.740679,1.0
-0.769589,8.89919e-05,1.0
-0.0732998,-0.806926,1.0
0.364604,-0.74744,1.0
-1.19731,0.320891,1.0
0.207038,0.743998,1.0
0.28259,-0.767727,1.0
-0.450779,0.624187,1.0
0.990643,0.738559,1.0
0.0151978,-0.757918,1.0
-0.922223,-0.882236,1.0
-0.337914,1.1716,1.0
-0.543902,0.64217,1.0
1.11986,-1.72452,1.0
-0.499163,0.588394,1.0
-0.817618,0.374922,1.0
-0.626709,0.659861,1.0
0.503738,-0.831295,1.0
0.110249,1.17188,1.0
0.0984595,1.43818,1.0
0.428832,-0.943395,1.0
0.430992,1.09798,1.0
-0.0236195,1.66771,1.0
0.389899,0.662873,1.0
-0.0362952,-1.03,1.0
0.462476,0.616643,1.0
0.552354,-0.560357,1.0
-0.509571,0.747255,1.0
-0.0306812,-0.768592,1.0
0.766815,0.0812018,1.0
-0.488497,-0.819493,1.0
0.812086,0.425209,1.0
0.768717,0.455248,1.0
1.08339,0.324474,1.0
-0.989766,-0.566636,1.0
-0.564743,-0.524206,1.0
-0.348709,-0.791176,1.0
-0.0416771,0.955912,1.0
1.07208,-0.730876,1.0
1.25272,-0.704576,1.0
-0.546433,-0.543516,1.0
0.229914,-0.944324,1.0
0.984595,-0.0885835,1.0
0.866062,-0.139812,1.0
-0.324045,0.804328,1.0
-0.144055,-0.753679,1.0
1.44162,0.898267,1.0
-0.688562,0.374907,1.0
-0.421626,-1.51702,1.0
-0.509085,-0.578467,1.0
-0.934359,-0.0591348,1.0
-0.96506,-0.137724,1.0
-0.159833,0.75395,1.0
-0.746411,-0.1356,1.0
-0.428481,-0.636873,1.0
0.717537,0.28073,1.0
0.753975,0.0858471,1.0
-0.752151,-0.520047,1.0
-1.6279,-1.70547,1.0
-0.603411,-0.479527,1.0
-0.718569,-0.479223,1.0
-0.764275,0.0809373,1.0
0.57562,0.508883,1.0
-0.395719,-0.784206,1.0
-0.366807,-0.83796,1.0
-1.46023,0.180311,1.0
0.856412,0.271633,1.0
-0.264241,-0.723753,1.0
-0.695818,0.466839,1.0
-0.737613,0.482429,1.0
-0.762426,-1.62788,1.0
-0.287071,-0.71456,1.0
0.512334,0.571725,1.0
1.15601,-0.456638,1.0
1.28989,-0.512438,1.0
0.201119,-1.26824,1.0
-0.528344,-0.560902,1.0
-0.806979,-0.337491,1.0
-1.1539,0.551792,1.0
-0.468564,-0.612794,1.0
-0.77411,-1.08242,1.0
0.451665,-0.639001,1.0
0.73269,-0.31642,1.0
0.957156,-0.982716,1.0
-0.411474,0.64968,1.0
-0.388439,-0.745572,1.0
-0.720677,-0.270656,1.0
0.614705,-0.461051,1.0
1.73574,-1.72505,1.0
1.26653,-0.227173,1.0
1.67109,1.69149,1.0
0.0250531,0.757875,1.0
0.232061,0.734631,1.0
0.739283,0.428302,1.0
-0.565559,-0.605752,1.0
0.767437,-0.0499955,1.0
-0.758111,0.015723,1.0
-1.16249,-0.408607,1.0
0.761045,0.315395,1.0
-0.585432,-0.631913,1.0
-0.687989,-0.463816,1.0
-0.337113,-0.762646,1.0
-0.412644,0.669041,1.0
0.725449,0.453988,1.0
-0.300246,-1.21121,1.0
0.115294,-0.778748,1.0
0.561301,-0.815653,1.0
-0.755822,0.0557253,1.0
0.702436,-0.731752,1.0
0.648209,-0.661531,1.0
0.0579407,0.767906,1.0
-1.66015,0.0182959,1.0
1.20789,0.5692,1.0
-0.370911,0.748651,1.0
0.804171,-0.0342687,1.0
-0.0562303,-0.786296,1.0
0.411547,-0.721134,1.0
0.648529,-0.604471,1.0
-0.713068,0.355268,1.0
-0.751188,-0.273014,1.0
-0.442203,0.723068,1.0
-0.46923,0.755331,1.0
-1.74639,1.28726,1.0
0.6763,0.540914,1.0
0.697125,0.620784,1.0
0.646155,0.615068,1.0
-0.287925,-0.790626,1.0
-0.734613,0.228949,1.0
-0.1186,1.32074,1.0
-1.32334,0.0746617,1.0
1.63719,-0.781251,1.0
-0.431183,0.756581,1.0
-0.397558,0.775801,1.0
0.7465,0.184986,1.0
0.641518,0.425566,1.0
0.964985,0.154624,1.0
0.46506,-0.650619,1.0
0.484723,-0.665638,1.0
-0.476074,0.601911,1.0
-0.842574,-0.113306,1.0
0.783106,-0.0276905,1.0
0.524349,-0.560052,1.0
-0.0163925,0.86693,1.0
-1.62789,0.775149,1.0
0.751787,0.0955835,1.0
0.799105,-0.266057,1.0
0.416584,-0.673321,1.0
0.767461,0.020132,1.0
0.787201,0.0070718,1.0
-0.837497,-0.0534,1.0
-0.407781,-0.878208,1.0
-0.76906,-0.0285706,1.0
0.0875735,0.762827,1.0
0.546402,0.804493,1.0
-0.0862733,0.797123,1.0
-0.854968,0.15044,1.0
0.255169,0.90182,1.0
0.336112,-0.730318,1.0
-0.476368,-0.655749,1.0
0.151675,-0.823777,1.0
-0.87717,0.290484,1.0
-0.696368,0.324702,1.0
0.922033,0.00860236,1.0
0.420053,0.647114,1.0
-0.248271,0.742182,1.0
0.407162,0.824999,1.0
0.590939,-0.493085,1.0
0.510305,0.759257,1.0
0.462365,0.74793,1.0
0.0532705,-0.822301,1.0
1.45513,1.42048,1.0
0.47768,-1.09846,1.0
1.11684,-1.24221,1.0
1.23357,0.770424,1.0
0.763867,-0.48568,1.0
-0.73878,-0.44041,1.0
-0.528538,0.557641,1.0
-0.877999,-0.181823,1.0
0.657968,0.399428,1.0
-0.216951,0.827684,1.0
1.30715,0.381528,1.0
-0.662606,0.390124,1.0
-0.794952,0.100075,1.0
-0.24631,-0.839072,1.0
-0.201729,-0.872187,1.0
-0.234774,-0.919402,1.0
-0.386935,0.675007,1.0
-0.588012,0.537643,1.0
0.569254,-0.516464,1.0
-0.20235,0.742626,1.0
-1.01451,-0.0911613,1.0
-0.731965,1.50395,1.0
-0.681082,0.582838,1.0
0.598642,-0.522767,1.0
1.17799,-0.864423,1.0
-0.706842,-0.300706,1.0
-0.137676,0.771142,1.0
-0.13024,0.75778,1.0
-0.579681,0.504588,1.0
0.567772,0.571502,1.0
0.15432,-0.753685,1.0
-0.0857077,0.779364,1.0
0.320204,0.699559,1.0
0.268086,0.824334,1.0
-0.613605,-0.608138,1.0
0.920849,-0.0393891,1.0
0.166701,0.841999,1.0
0.483009,0.597989,1.0
0.775454,-0.136923,1.0
0.660307,-0.426548,1.0
0.67797,-0.441855,1.0
-0.760317,-0.111833,1.0
-0.690407,1.1266,1.0
-0.746305,-0.243622,1.0
-0.263551,0.723101,1.0
0.310871,-0.703695,1.0
-0.647063,-0.410241,1.0
-0.849475,0.334999,1.0
0.758079,-0.132857,1.0
-0.0964581,-0.820532,1.0
0.753485,-0.150479,1.0
0.073953,-0.766163,1.0
0.672081,0.371532,1.0
-0.0466113,0.767375,1.0
0.130195,-0.75875,1.0
0.890311,-0.187134,1.0
-0.542871,0.543154,1.0
-0.213779,-1.13039,1.0
-0.325232,0.694927,1.0
0.622383,0.450309,1.0
0.444077,0.864449,1.0
0.0305425,-0.767484,1.0
-0.118864,-0.848027,1.0
0.246653,0.72825,1.0
0.261542,0.737676,1.0
0.350109,0.84507,1.0
0.520753,0.563912,1.0
-0.895497,0.237102,1.0
-0.258404,0.886813,1.0
0.529066,-0.779863,1.0
0.528067,0.712703,1.0
0.725672,0.251635,1.0
0.133063,0.916344,1.0
-0.56858,0.827224,1.0
-0.336124,-0.691066,1.0
0.688803,0.341828,1.0
-0.915414,0.34564,1.0
-0.74876,-0.169763,1.0
-0.945019,0.0174707,1.0
-0.769156,0.0119057,1.0
0.067221,0.921434,1.0
-0.0532289,-0.878381,1.0
0.345399,-0.686417,1.0
-0.747582,0.53708,1.0
-0.406266,-0.650565,1.0
0.0123916,-0.856117,1.0
0.731908,0.229585,1.0
0.490413,-0.905369,1.0
-0.142877,-0.897777,1.0
0.784044,1.75985,1.0
0.759127,0.125917,1.0
0.35287,-0.787547,1.0
0.608936,0.51522,1.0
0.762787,0.103943,1.0
0.648667,-0.465187,1.0
-0.768214,0.0342362,1.0
0.136178,-0.857439,1.0
0.692663,-0.337343,1.0
-0.3856,-0.688803,1.0
0.7498,-0.164379,1.0
0.0159735,0.756593,1.0
-0.672817,0.373008,1.0
-0.972586,1.00204,1.0
-0.810845,-0.505282,1.0
-0.344658,-0.685683,1.0
-0.175681,-0.771824,1.0
0.0269953,-0.825376,1.0
1.46444,0.221472,1.0
0.796652,0.040646,1.0
0.604511,0.472287,1.0
-0.312792,-0.869953,1.0
0.913696,0.250601,1.0
0.740935,-0.198115,1.0
-0.717299,0.270787,1.0
-0.751629,0.162129,1.0
-0.685024,0.347565,1.0
0.210244,-0.80076,1.0
-0.281446,-0.830895,1.0
-0.750095,0.630477,1.0
0.3768,-0.669521,1.0
0.661035,-0.390093,1.0
-0.112431,-0.761184,1.0
0.694619,0.356363,1.0
0.853884,0.325199,1.0
0.892261,0.0840913,1.0
0.685684,-0.344658,1.0
-1.16714,0.787911,1.0
-0.558585,0.524137,1.0
0.36861,-0.707105,1.0
0.381754,-0.700068,1.0
0.888387,0.522976,1.0
-0.145551,-0.823903,1.0
0.761941,-0.101644,1.0
0.248048,-0.802986,1.0
-0.60891,0.466455,1.0
-0.603613,0.47371,1.0
-1.32423,-0.420622,1.0
0.450234,0.623177,1.0
-0.395982,0.816474,1.0
-0.987963,-0.212549,1.0
-0.656618,0.397572,1.0
0.194237,-0.779204,1.0
-0.177443,-0.827528,1.0
0.098341,-0.851229,1.0
0.393719,0.691957,1.0
0.398078,0.709573,1.0
-1.76983,1.7784,1.0
-0.677389,-0.363532,1.0
-0.78804,1.02769,1.0
1.56256,1.1758,1.0
0.535199,0.589563,1.0
0.397529,-0.893865,1.0
0.192995,-0.743543,1.0
-1.61014,-0.804099,1.0
-0.439567,0.628011,1.0
-0.432259,0.632139,1.0
-0.425205,0.640227,1.0
-0.730955,-0.230417,1.0
0.734176,0.221471,1.0
0.289092,-0.711287,1.0
-0.722264,-0.259676,1.0
-0.766018,0.0605969,1.0
0.739654,0.202196,1.0
-0.903289,0.0769616,1.0
-0.663013,-0.677816,1.0
0.309421,-0.78965,1.0
-0.734823,-0.22157,1.0
-0.73743,-0.211213,1.0
0.495159,-0.589477,1.0
0.77842,-0.0108561,1.0
-0.161825,-0.804874,1.0
-0.900991,0.415837,1.0
-0.298459,0.707962,1.0
0.442445,-0.679,1.0
1.0284,0.0556439,1.0
0.52274,-0.615678,1.0
-0.712862,0.281331,1.0
0.621135,0.496474,1.0
0.142499,0.75509,1.0
0.707185,0.297368,1.0
0.710692,0.289363,1.0
0.699455,-0.312357,1.0
-0.759797,-0.101047,1.0
-0.761616,-0.0925904,1.0
-0.86621,-0.410535,1.0
-0.983866,0.309501,1.0
0.765602,0.519823,1.0
0.675946,0.363143,1.0
-0.725927,0.251815,1.0
0.422436,0.919984,1.0
-0.756176,0.0245108,1.0
0.785653,-0.676608,1.0
0.811483,-0.00186325,1.0
-1.46586,-0.979101,1.0
-0.79588,0.0771056,1.0
-0.811105,0.0655241,1.0
0.279576,-0.714696,1.0
-0.775133,-0.133636,1.0
0.237468,0.756505,1.0
-1.33936,0.317858,1.0
-0.091435,-0.762547,1.0
-0.614157,0.718579,1.0
-0.0205518,0.767285,1.0
-0.0110447,0.767855,1.0
1.08363,0.102886,1.0
0.767264,-0.0103916,1.0
0.698931,0.31728,1.0
-0.133614,-0.756124,1.0
-1.35398,-1.77642,1.0
-0.698544,-0.316854,1.0
0.89866,-0.424124,1.0
-0.665677,0.380532,1.0
1.00754,-0.184025,1.0
0.606483,0.768907,1.0
0.834778,0.886719,1.0
0.656166,-0.397578,1.0
0.551738,-0.586522,1.0
0.798876,-0.0622668,1.0
-1.16723,-1.15747,1.0
0.403793,-0.750048,1.0
0.376772,1.5652,1.0
-0.31717,0.698697,1.0
-0.924698,-0.315469,1.0
1.40193,0.0468295,1.0
-0.662403,-0.389184,1.0
